FundID,Adj Strategy,fund_end_qe,last_obs_qe,nav_at_fund_end,nav_4q_after,nav_8q_after,rep_0_4q_after,rep_4_8q_after,rep_8_12q_after
Fund1,Venture Capital,2028-06-30,2025-09-30,13828547.78,,,0.0,0.0,0.0
Fund10,Venture Capital,2032-06-30,2025-09-30,19423209.04,,,0.0,0.0,0.0
Fund100,Venture Capital,2030-12-31,2025-09-30,48759339.0,,,0.0,0.0,0.0
Fund1000,Venture Capital,2029-03-31,2025-09-30,100678996.0,,,0.0,0.0,0.0
Fund1001,Private Equity,2032-03-31,2025-09-30,16244229.84,,,0.0,0.0,0.0
Fund1002,Special Structure/ FoF,2033-09-30,2025-09-30,16775813.19,,,0.0,0.0,0.0
Fund1003,Venture Capital,2028-09-30,2025-09-30,23437092.12,,,0.0,0.0,0.0
Fund1004,Private Equity,2037-03-31,2025-09-30,6260424.0,,,0.0,0.0,0.0
Fund1005,Private Equity,2031-09-30,2025-09-30,12366173.27,,,0.0,0.0,0.0
Fund1006,Business Angels,2031-09-30,2025-09-30,2155057.67,,,0.0,0.0,0.0
Fund1007,Venture Capital,2028-06-30,2025-09-30,8973688.0,,,0.0,0.0,0.0
Fund1008,Venture Capital,2038-12-31,2025-09-30,1715262.0,,,0.0,0.0,0.0
Fund1009,Venture Capital,2033-03-31,2025-09-30,25047977.0,,,0.0,0.0,0.0
Fund101,Private Equity,2029-06-30,2025-09-30,385771.72,,,0.0,0.0,0.0
Fund102,Venture Capital,2028-06-30,2025-09-30,35814994.0,,,0.0,0.0,0.0
Fund103,Private Equity,2029-06-30,2025-09-30,19492526.97,,,0.0,0.0,0.0
Fund104,Other Private Debt,2023-09-30,2019-12-31,0.0,,,0.0,0.0,0.0
Fund105,Private Equity,2032-06-30,2025-09-30,22492558.0,,,0.0,0.0,0.0
Fund106,Private Equity,2031-06-30,2025-09-30,55027816.92,,,0.0,0.0,0.0
Fund107,Private Equity,2030-03-31,2025-09-30,30049727.55,,,0.0,0.0,0.0
Fund108,Private Equity,2034-06-30,2025-09-30,67793938.0,,,0.0,0.0,0.0
Fund109,Venture Capital,2036-12-31,2025-09-30,413133.59,,,0.0,0.0,0.0
Fund11,Venture Capital,2027-12-31,2025-09-30,29882916.0,,,0.0,0.0,0.0
Fund110,Business Angels,2030-06-30,2025-09-30,1679940.02,,,0.0,0.0,0.0
Fund111,Hybrid Debt-Equity,2031-12-31,2025-09-30,32075457.5,,,0.0,0.0,0.0
Fund112,Infrastructure,2037-09-30,2025-09-30,9775206.59,,,0.0,0.0,0.0
Fund113,Private Equity,2036-09-30,2025-09-30,59738435.96,,,0.0,0.0,0.0
Fund114,Business Angels,2029-09-30,2025-09-30,399163.85,,,0.0,0.0,0.0
Fund115,Private Equity,2034-12-31,2025-09-30,29907994.62,,,0.0,0.0,0.0
Fund116,Private Equity,2029-06-30,2025-09-30,1254330.773,,,0.0,0.0,0.0
Fund117,Private Equity,2035-12-31,2025-09-30,16934744.66,,,0.0,0.0,0.0
Fund118,Venture Capital,2033-03-31,2025-09-30,15898975.0,,,0.0,0.0,0.0
Fund119,Venture Capital,2029-06-30,2025-09-30,44484403.99,,,0.0,0.0,0.0
Fund12,Private Equity,2031-09-30,2025-09-30,39854778.0,,,0.0,0.0,0.0
Fund120,Venture Capital,2034-03-31,2025-09-30,26692208.23,,,0.0,0.0,0.0
Fund121,Venture Capital,2033-06-30,2025-09-30,24544297.0,,,0.0,0.0,0.0
Fund122,Other Private Debt,2029-06-30,2025-09-30,6765156.81,,,0.0,0.0,0.0
Fund123,Hybrid Debt-Equity,2033-12-31,2025-09-30,10340108.0,,,0.0,0.0,0.0
Fund124,Private Equity,2032-06-30,2025-09-30,25585473.38,,,0.0,0.0,0.0
Fund125,Venture Capital,2028-06-30,2025-09-30,14430034.13,,,0.0,0.0,0.0
Fund126,Venture Capital,2033-03-31,2025-09-30,12130959.63,,,0.0,0.0,0.0
Fund127,Private Equity,2028-09-30,2025-09-30,14012227.97,,,0.0,0.0,0.0
Fund128,Venture Capital,2034-12-31,2025-09-30,49455208.0,,,0.0,0.0,0.0
Fund129,Venture Capital,2037-06-30,2025-09-30,0.0,,,0.0,0.0,0.0
Fund13,Infrastructure,2035-06-30,2025-09-30,14890771.04,,,0.0,0.0,0.0
Fund130,Venture Capital,2030-03-31,2025-09-30,22916073.82,,,0.0,0.0,0.0
Fund131,Hybrid Debt-Equity,2028-12-31,2025-09-30,13469787.74,,,0.0,0.0,0.0
Fund132,Venture Capital,2026-06-30,2025-09-30,10419265.32,,,0.0,0.0,0.0
Fund133,Venture Capital,2029-06-30,2025-09-30,20672931.0,,,0.0,0.0,0.0
Fund134,Venture Capital,2028-06-30,2025-06-30,57127944.0,,,0.0,0.0,0.0
Fund135,Venture Capital,2034-03-31,2025-09-30,27954755.47,,,0.0,0.0,0.0
Fund136,Venture Capital,2029-09-30,2025-09-30,38465523.0,,,0.0,0.0,0.0
Fund137,Venture Capital,2028-06-30,2025-09-30,57231884.99,,,0.0,0.0,0.0
Fund138,Venture Capital,2028-09-30,2025-09-30,9325824.98,,,0.0,0.0,0.0
Fund139,Business Angels,2028-09-30,2025-09-30,419079.49,,,0.0,0.0,0.0
Fund14,Hybrid Debt-Equity,2028-09-30,2025-09-30,16203305.4,,,0.0,0.0,0.0
Fund140,Venture Capital,2032-06-30,2025-09-30,19460494.04,,,0.0,0.0,0.0
Fund141,Infrastructure,2035-12-31,2025-09-30,50929500.0,,,0.0,0.0,0.0
Fund142,Venture Capital,2034-03-31,2025-09-30,33426156.0,,,0.0,0.0,0.0
Fund143,Venture Capital,2029-03-31,2025-09-30,35202051.0,,,0.0,0.0,0.0
Fund144,Private Equity,2030-12-31,2025-09-30,41823535.96,,,0.0,0.0,0.0
Fund145,Venture Capital,2028-03-31,2025-09-30,24934240.0,,,0.0,0.0,0.0
Fund146,Private Equity,2029-03-31,2025-09-30,90680623.36,,,0.0,0.0,0.0
Fund147,Private Equity,2037-09-30,2025-09-30,12783.53,,,0.0,0.0,0.0
Fund148,Other Private Debt,2029-06-30,2025-09-30,5707884.66,,,0.0,0.0,0.0
Fund149,Venture Capital,2028-06-30,2025-09-30,25162124.27,,,0.0,0.0,0.0
Fund15,Hybrid Debt-Equity,2026-09-30,2025-09-30,4380.0,,,0.0,0.0,0.0
Fund150,Private Equity,2038-06-30,2025-09-30,0.0,,,0.0,0.0,0.0
Fund151,Private Equity,2022-06-30,2025-09-30,3373045.0,1620858.0,1919885.0,606014.07,46800.0,630280.58
Fund152,Private Equity,2025-09-30,2025-09-30,481410.3731,,,0.0,0.0,0.0
Fund153,Private Equity,2028-12-31,2025-09-30,7083622.443,,,0.0,0.0,0.0
Fund154,Venture Capital,2028-03-31,2025-09-30,31404066.68,,,0.0,0.0,0.0
Fund155,Venture Capital,2030-09-30,2025-09-30,45085287.14,,,0.0,0.0,0.0
Fund156,TTA,2031-03-31,2025-09-30,14595127.25,,,0.0,0.0,0.0
Fund157,Venture Capital,2033-03-31,2025-09-30,8546381.95,,,0.0,0.0,0.0
Fund158,Infrastructure,2037-06-30,2025-09-30,0.0,,,0.0,0.0,0.0
Fund159,Venture Capital,2035-03-31,2025-09-30,8322124.0,,,0.0,0.0,0.0
Fund16,Private Equity,2038-03-31,2025-09-30,0.0,,,0.0,0.0,0.0
Fund160,Venture Capital,2037-12-31,2025-09-30,8295523.1,,,0.0,0.0,0.0
Fund161,Private Equity,2031-03-31,2025-09-30,3980637.0,,,0.0,0.0,0.0
Fund162,Private Equity,2030-12-31,2025-09-30,60893099.0,,,0.0,0.0,0.0
Fund163,Private Equity,2020-09-30,2024-12-31,2642944.0,5258649.0,4370979.0,0.0,0.0,0.0
Fund164,TTA,2027-12-31,2025-09-30,20043016.46,,,0.0,0.0,0.0
Fund165,Private Equity,2033-12-31,2025-09-30,8079144.0,,,0.0,0.0,0.0
Fund166,Venture Capital,2037-03-31,2025-09-30,1584621.25,,,0.0,0.0,0.0
Fund167,Venture Capital,2032-09-30,2025-09-30,29114086.02,,,0.0,0.0,0.0
Fund168,Private Equity,2029-09-30,2025-09-30,38271988.0,,,0.0,0.0,0.0
Fund169,Venture Capital,2028-12-31,2025-09-30,14618988.35,,,0.0,0.0,0.0
Fund17,Special Structure/ FoF,2025-12-31,2025-09-30,4512685.3,,,0.0,0.0,0.0
Fund170,Private Equity,2033-12-31,2025-09-30,36699960.0,,,0.0,0.0,0.0
Fund171,Venture Capital,2033-12-31,2025-09-30,16975600.0,,,0.0,0.0,0.0
Fund172,Private Equity,2035-06-30,2025-09-30,17661912.43,,,0.0,0.0,0.0
Fund173,Private Equity,2035-06-30,2025-09-30,21843163.0,,,0.0,0.0,0.0
Fund174,Venture Capital,2032-09-30,2025-09-30,41401757.18,,,0.0,0.0,0.0
Fund175,Venture Capital,2030-06-30,2025-09-30,16333970.15,,,0.0,0.0,0.0
Fund176,Venture Capital,2036-12-31,2025-09-30,1686000.0,,,0.0,0.0,0.0
Fund177,Private Equity,2032-09-30,2025-09-30,54912379.43,,,0.0,0.0,0.0
Fund178,Venture Capital,2034-09-30,2025-09-30,11526498.52,,,0.0,0.0,0.0
Fund179,TTA,2030-09-30,2025-09-30,20897276.56,,,0.0,0.0,0.0
Fund18,Venture Capital,2034-12-31,2025-09-30,5924428.883,,,0.0,0.0,0.0
Fund180,Private Equity,2036-12-31,2025-09-30,7831460.0,,,0.0,0.0,0.0
Fund181,Hybrid Debt-Equity,2037-03-31,2025-09-30,0.0,,,0.0,0.0,0.0
Fund182,Private Equity,2036-06-30,2025-09-30,4823640.0,,,0.0,0.0,0.0
Fund183,TTA,2033-03-31,2025-09-30,35160635.01,,,0.0,0.0,0.0
Fund184,Venture Capital,2036-12-31,2025-09-30,0.0,,,0.0,0.0,0.0
Fund185,Venture Capital,2031-03-31,2025-09-30,30530338.47,,,0.0,0.0,0.0
Fund186,Venture Capital,2028-03-31,2025-09-30,3363226.03,,,0.0,0.0,0.0
Fund187,Venture Capital,2031-09-30,2025-09-30,36523419.0,,,0.0,0.0,0.0
Fund188,Venture Capital,2030-03-31,2025-09-30,71216783.0,,,0.0,0.0,0.0
Fund189,Hybrid Debt-Equity,2034-03-31,2025-09-30,73981219.73,,,0.0,0.0,0.0
Fund19,Hybrid Debt-Equity,2028-12-31,2025-09-30,541820.78,,,0.0,0.0,0.0
Fund190,Private Equity,2035-03-31,2025-09-30,8290415.89,,,0.0,0.0,0.0
Fund191,Private Equity,2035-03-31,2025-09-30,10859943.61,,,0.0,0.0,0.0
Fund192,Venture Capital,2035-03-31,2025-09-30,5279641.0,,,0.0,0.0,0.0
Fund193,Venture Capital,2035-12-31,2025-09-30,5827681.63,,,0.0,0.0,0.0
Fund194,Venture Capital,2032-03-31,2025-09-30,113251625.0,,,0.0,0.0,0.0
Fund195,Venture Capital,2029-06-30,2025-09-30,41830937.4,,,0.0,0.0,0.0
Fund196,Private Equity,2031-06-30,2025-09-30,19718490.99,,,0.0,0.0,0.0
Fund197,Venture Capital,2028-09-30,2025-09-30,6871000.0,,,0.0,0.0,0.0
Fund198,Infrastructure,2034-03-31,2025-09-30,38443721.95,,,0.0,0.0,0.0
Fund199,Venture Capital,2033-06-30,2025-09-30,74507400.0,,,0.0,0.0,0.0
Fund2,Private Equity,2032-06-30,2025-09-30,510638.3,,,0.0,0.0,0.0
Fund20,Venture Capital,2025-06-30,2025-09-30,2567816.482,,,0.0,0.0,0.0
Fund200,Business Angels,2031-03-31,2025-09-30,8353978.01,,,0.0,0.0,0.0
Fund201,Private Equity,2028-12-31,2025-09-30,31838245.06,,,0.0,0.0,0.0
Fund202,Venture Capital,2034-06-30,2025-09-30,13967246.94,,,0.0,0.0,0.0
Fund203,Venture Capital,2032-06-30,2025-09-30,19846860.0,,,0.0,0.0,0.0
Fund204,Venture Capital,2034-06-30,2025-09-30,35918551.34,,,0.0,0.0,0.0
Fund205,Venture Capital,2025-03-31,2025-09-30,107942.0,,,0.0,0.0,0.0
Fund206,Private Equity,2033-03-31,2025-09-30,55988318.1,,,0.0,0.0,0.0
Fund207,Private Equity,2028-12-31,2025-09-30,4051820.0,,,0.0,0.0,0.0
Fund208,Private Equity,2032-03-31,2025-09-30,101434003.0,,,0.0,0.0,0.0
Fund209,Hybrid Debt-Equity,2027-06-30,2025-06-30,0.0,,,0.0,0.0,0.0
Fund21,Venture Capital,2030-06-30,2025-09-30,19653338.24,,,0.0,0.0,0.0
Fund210,Venture Capital,2034-03-31,2025-09-30,35130209.11,,,0.0,0.0,0.0
Fund211,Venture Capital,2028-03-31,2025-06-30,14235076.0,,,0.0,0.0,0.0
Fund212,Private Equity,2028-12-31,2025-09-30,2283402.793,,,0.0,0.0,0.0
Fund213,Venture Capital,2032-09-30,2025-09-30,21088118.51,,,0.0,0.0,0.0
Fund214,Other Private Debt,2029-06-30,2025-09-30,5612595.73,,,0.0,0.0,0.0
Fund215,Private Equity,2030-12-31,2025-09-30,20331409.0,,,0.0,0.0,0.0
Fund216,Venture Capital,2031-06-30,2025-09-30,30932200.61,,,0.0,0.0,0.0
Fund217,Venture Capital,2036-06-30,2025-09-30,2938485.0,,,0.0,0.0,0.0
Fund218,Private Equity,2030-06-30,2025-09-30,12396889.0,,,0.0,0.0,0.0
Fund219,TTA,2033-12-31,2025-09-30,15538158.22,,,0.0,0.0,0.0
Fund22,Other Private Debt,2032-06-30,2025-09-30,9796813.63,,,0.0,0.0,0.0
Fund220,Hybrid Debt-Equity,2028-09-30,2025-09-30,15759796.0,,,0.0,0.0,0.0
Fund221,Venture Capital,2029-06-30,2025-09-30,19850750.62,,,0.0,0.0,0.0
Fund222,Other Private Debt,2032-09-30,2025-09-30,16736447.0,,,0.0,0.0,0.0
Fund223,Venture Capital,2027-09-30,2025-09-30,32624123.0,,,0.0,0.0,0.0
Fund224,Private Equity,2030-03-31,2025-09-30,49715574.89,,,0.0,0.0,0.0
Fund225,TTA,2032-06-30,2025-09-30,19463374.6,,,0.0,0.0,0.0
Fund226,Private Equity,2031-06-30,2025-09-30,22258855.0,,,0.0,0.0,0.0
Fund227,Business Angels,2028-09-30,2025-09-30,0.0,,,0.0,0.0,0.0
Fund228,Venture Capital,2035-03-31,2025-09-30,7921333.0,,,0.0,0.0,0.0
Fund229,Private Equity,2028-09-30,2025-09-30,11798233.0,,,0.0,0.0,0.0
Fund23,Private Equity,2030-06-30,2025-09-30,15267163.0,,,0.0,0.0,0.0
Fund230,Venture Capital,2031-12-31,2025-09-30,33795451.7,,,0.0,0.0,0.0
Fund231,Private Equity,2030-03-31,2025-09-30,6901601.758,,,0.0,0.0,0.0
Fund232,Private Equity,2029-06-30,2025-09-30,3231014.0,,,0.0,0.0,0.0
Fund233,Private Equity,2034-09-30,2025-09-30,30229486.0,,,0.0,0.0,0.0
Fund234,Venture Capital,2026-09-30,2025-09-30,13090284.68,,,0.0,0.0,0.0
Fund235,Venture Capital,2027-03-31,2025-09-30,712192.29,,,0.0,0.0,0.0
Fund236,Hybrid Debt-Equity,2029-06-30,2025-09-30,15905797.51,,,0.0,0.0,0.0
Fund237,TTA,2029-03-31,2025-09-30,24424744.0,,,0.0,0.0,0.0
Fund238,Venture Capital,2030-12-31,2025-09-30,70820226.73,,,0.0,0.0,0.0
Fund239,Private Equity,2037-12-31,2025-09-30,6837838.74,,,0.0,0.0,0.0
Fund24,Venture Capital,2033-06-30,2025-09-30,47394479.52,,,0.0,0.0,0.0
Fund240,Venture Capital,2032-09-30,2025-09-30,37274299.01,,,0.0,0.0,0.0
Fund241,Venture Capital,2034-12-31,2025-09-30,6546187.0,,,0.0,0.0,0.0
Fund242,Infrastructure,2035-06-30,2025-09-30,21050875.44,,,0.0,0.0,0.0
Fund243,Venture Capital,2029-03-31,2025-09-30,22735687.0,,,0.0,0.0,0.0
Fund244,Venture Capital,2034-12-31,2025-09-30,13723652.0,,,0.0,0.0,0.0
Fund245,Hybrid Debt-Equity,2023-06-30,2020-03-31,0.0,,,0.0,0.0,0.0
Fund246,Private Equity,2033-12-31,2025-09-30,11487543.59,,,0.0,0.0,0.0
Fund247,Private Equity,2029-09-30,2025-09-30,15409028.55,,,0.0,0.0,0.0
Fund248,Private Equity,2032-09-30,2025-09-30,49300098.08,,,0.0,0.0,0.0
Fund249,Venture Capital,2031-06-30,2025-09-30,32244884.81,,,0.0,0.0,0.0
Fund25,Hybrid Debt-Equity,2027-12-31,2025-09-30,692004.3,,,0.0,0.0,0.0
Fund250,Private Equity,2034-09-30,2025-09-30,40188088.92,,,0.0,0.0,0.0
Fund251,Private Equity,2035-09-30,2025-09-30,5036938.202,,,0.0,0.0,0.0
Fund252,Hybrid Debt-Equity,2031-09-30,2025-09-30,43279236.89,,,0.0,0.0,0.0
Fund253,Venture Capital,2034-03-31,2025-09-30,10033316.67,,,0.0,0.0,0.0
Fund254,Private Equity,2034-09-30,2025-09-30,29391782.2,,,0.0,0.0,0.0
Fund255,Private Equity,2032-06-30,2025-09-30,23597077.41,,,0.0,0.0,0.0
Fund256,Venture Capital,2030-06-30,2025-09-30,14392704.94,,,0.0,0.0,0.0
Fund257,Private Equity,2032-03-31,2025-09-30,49577802.06,,,0.0,0.0,0.0
Fund258,Venture Capital,2031-12-31,2025-09-30,21947415.54,,,0.0,0.0,0.0
Fund259,Private Equity,2028-12-31,2025-09-30,8778243.0,,,0.0,0.0,0.0
Fund26,Hybrid Debt-Equity,2028-03-31,2025-09-30,4174158.0,,,0.0,0.0,0.0
Fund260,Private Equity,2032-03-31,2025-09-30,28745556.0,,,0.0,0.0,0.0
Fund261,Venture Capital,2033-06-30,2025-09-30,13614034.73,,,0.0,0.0,0.0
Fund262,Business Angels,2028-06-30,2025-09-30,0.0,,,0.0,0.0,0.0
Fund263,Venture Capital,2035-12-31,2025-09-30,8177004.0,,,0.0,0.0,0.0
Fund264,TTA,2028-06-30,2025-09-30,6029444.769,,,0.0,0.0,0.0
Fund265,Venture Capital,2033-06-30,2025-09-30,19957395.41,,,0.0,0.0,0.0
Fund266,TTA,2023-09-30,2025-09-30,2305995.0,2349802.0,1284740.0,0.0,0.0,0.0
Fund267,Venture Capital,2034-09-30,2025-09-30,4885356.0,,,0.0,0.0,0.0
Fund268,Venture Capital,2034-06-30,2025-09-30,18965586.3,,,0.0,0.0,0.0
Fund269,Venture Capital,2030-03-31,2025-09-30,26945930.0,,,0.0,0.0,0.0
Fund27,Venture Capital,2027-09-30,2025-09-30,20461533.0,,,0.0,0.0,0.0
Fund270,Business Angels,2029-09-30,2025-09-30,2431707.05,,,0.0,0.0,0.0
Fund271,Venture Capital,2030-03-31,2025-09-30,36548277.86,,,0.0,0.0,0.0
Fund272,Venture Capital,2028-06-30,2025-09-30,53994366.63,,,0.0,0.0,0.0
Fund273,Venture Capital,2030-06-30,2025-09-30,21106914.0,,,0.0,0.0,0.0
Fund274,Private Equity,2032-03-31,2025-09-30,9771852.2,,,0.0,0.0,0.0
Fund275,Other Private Debt,2029-09-30,2025-09-30,14038622.82,,,0.0,0.0,0.0
Fund276,Venture Capital,2028-03-31,2025-09-30,79830093.0,,,0.0,0.0,0.0
Fund277,Private Equity,2029-03-31,2025-09-30,4693683.226,,,0.0,0.0,0.0
Fund278,Venture Capital,2033-03-31,2025-09-30,5034424.7,,,0.0,0.0,0.0
Fund279,Hybrid Debt-Equity,2032-09-30,2025-09-30,41510870.0,,,0.0,0.0,0.0
Fund28,Private Equity,2033-09-30,2025-09-30,116853669.0,,,0.0,0.0,0.0
Fund280,Venture Capital,2028-09-30,2025-09-30,15307399.0,,,0.0,0.0,0.0
Fund281,Infrastructure,2033-09-30,2025-09-30,54757620.0,,,0.0,0.0,0.0
Fund282,Venture Capital,2032-12-31,2025-09-30,58443867.05,,,0.0,0.0,0.0
Fund283,TTA,2038-06-30,2025-09-30,3652317.38,,,0.0,0.0,0.0
Fund284,Private Equity,2030-03-31,2025-09-30,32871519.08,,,0.0,0.0,0.0
Fund285,Venture Capital,2034-06-30,2025-09-30,15919910.13,,,0.0,0.0,0.0
Fund286,Venture Capital,2033-09-30,2025-09-30,17142559.03,,,0.0,0.0,0.0
Fund287,Infrastructure,2033-09-30,2025-09-30,66237393.0,,,0.0,0.0,0.0
Fund288,Other Private Debt,2025-09-30,2025-09-30,377365.0,,,0.0,0.0,0.0
Fund289,Business Angels,2028-09-30,2025-09-30,4769216.39,,,0.0,0.0,0.0
Fund29,Venture Capital,2023-09-30,2025-09-30,2313297.0,1991399.0,1561618.0,64337.56,0.0,0.0
Fund290,Venture Capital,2027-09-30,2025-09-30,11145929.9,,,0.0,0.0,0.0
Fund291,Venture Capital,2030-09-30,2025-09-30,20963085.0,,,0.0,0.0,0.0
Fund292,Venture Capital,2031-03-31,2025-09-30,7118698.57,,,0.0,0.0,0.0
Fund293,Venture Capital,2034-03-31,2025-09-30,7541815.09,,,0.0,0.0,0.0
Fund294,Private Equity,2032-03-31,2025-09-30,48429653.4,,,0.0,0.0,0.0
Fund295,Hybrid Debt-Equity,2024-06-30,2025-09-30,1227572.93,1409735.39,,0.0,0.0,0.0
Fund296,Venture Capital,2030-09-30,2025-09-30,36733394.17,,,0.0,0.0,0.0
Fund297,Venture Capital,2028-06-30,2025-09-30,48986378.94,,,0.0,0.0,0.0
Fund298,Venture Capital,2029-06-30,2025-09-30,9409755.269,,,0.0,0.0,0.0
Fund299,Venture Capital,2029-09-30,2025-09-30,17638308.57,,,0.0,0.0,0.0
Fund3,Private Equity,2035-12-31,2025-09-30,19885553.0,,,0.0,0.0,0.0
Fund30,Venture Capital,2030-12-31,2025-09-30,54290070.81,,,0.0,0.0,0.0
Fund300,Infrastructure,2045-06-30,2025-09-30,9135731.0,,,0.0,0.0,0.0
Fund301,Business Angels,2029-09-30,2025-09-30,1540096.0,,,0.0,0.0,0.0
Fund302,Venture Capital,2027-03-31,2025-09-30,86850494.0,,,0.0,0.0,0.0
Fund303,Private Equity,2033-03-31,2025-09-30,19726950.79,,,0.0,0.0,0.0
Fund304,Venture Capital,2029-06-30,2025-09-30,10745396.36,,,0.0,0.0,0.0
Fund305,Venture Capital,2026-12-31,2025-09-30,25707343.0,,,0.0,0.0,0.0
Fund306,Venture Capital,2029-12-31,2025-09-30,33021482.6,,,0.0,0.0,0.0
Fund307,Venture Capital,2030-06-30,2025-09-30,3345020.69,,,0.0,0.0,0.0
Fund308,Hybrid Debt-Equity,2029-03-31,2025-09-30,7390.91,,,0.0,0.0,0.0
Fund309,Venture Capital,2027-12-31,2025-09-30,6614503.94,,,0.0,0.0,0.0
Fund31,Venture Capital,2030-12-31,2025-09-30,1719366.6,,,0.0,0.0,0.0
Fund310,Private Equity,2033-03-31,2025-09-30,37934911.05,,,0.0,0.0,0.0
Fund311,Private Equity,2028-06-30,2025-09-30,4961031.6,,,0.0,0.0,0.0
Fund312,Hybrid Debt-Equity,2032-06-30,2025-09-30,51420682.19,,,0.0,0.0,0.0
Fund313,Venture Capital,2033-09-30,2025-09-30,36168994.1,,,0.0,0.0,0.0
Fund314,TTA,2028-03-31,2025-09-30,9366073.81,,,0.0,0.0,0.0
Fund315,Venture Capital,2033-12-31,2025-09-30,15956559.0,,,0.0,0.0,0.0
Fund316,Venture Capital,2032-06-30,2025-09-30,21642067.64,,,0.0,0.0,0.0
Fund317,Venture Capital,2034-03-31,2025-09-30,32312963.0,,,0.0,0.0,0.0
Fund318,Venture Capital,2028-06-30,2025-09-30,12582697.0,,,0.0,0.0,0.0
Fund319,Private Equity,2030-03-31,2025-09-30,28691377.92,,,0.0,0.0,0.0
Fund32,Venture Capital,2030-12-31,2025-09-30,25451390.93,,,0.0,0.0,0.0
Fund320,Private Equity,2033-06-30,2025-09-30,31423365.65,,,0.0,0.0,0.0
Fund321,Private Equity,2035-06-30,2025-09-30,22752575.11,,,0.0,0.0,0.0
Fund322,Private Equity,2023-09-30,2025-09-30,0.0,0.0,0.0,0.0,0.0,0.0
Fund323,Other Private Debt,2028-06-30,2025-09-30,20458875.48,,,0.0,0.0,0.0
Fund324,Venture Capital,2033-09-30,2025-09-30,15940490.0,,,0.0,0.0,0.0
Fund325,Private Equity,2029-09-30,2025-09-30,4764850.964,,,0.0,0.0,0.0
Fund326,Private Equity,2026-06-30,2024-12-31,0.0,,,0.0,0.0,0.0
Fund327,TTA,2037-03-31,2025-09-30,3541601.09,,,0.0,0.0,0.0
Fund328,Business Angels,2031-09-30,2025-09-30,6899162.79,,,0.0,0.0,0.0
Fund329,Venture Capital,2031-06-30,2025-09-30,16047437.0,,,0.0,0.0,0.0
Fund33,Venture Capital,2033-12-31,2025-09-30,21430554.44,,,0.0,0.0,0.0
Fund330,Private Equity,2032-09-30,2025-09-30,18549745.71,,,0.0,0.0,0.0
Fund331,Venture Capital,2032-06-30,2025-09-30,49773141.0,,,0.0,0.0,0.0
Fund332,Venture Capital,2033-12-31,2025-09-30,16112316.0,,,0.0,0.0,0.0
Fund333,Venture Capital,2030-09-30,2025-09-30,22183777.73,,,0.0,0.0,0.0
Fund334,Venture Capital,2030-12-31,2025-09-30,15913894.37,,,0.0,0.0,0.0
Fund335,Private Equity,2031-06-30,2025-09-30,27569989.1,,,0.0,0.0,0.0
Fund336,Venture Capital,2027-12-31,2025-09-30,2875024.0,,,0.0,0.0,0.0
Fund337,Business Angels,2030-06-30,2025-09-30,0.0,,,0.0,0.0,0.0
Fund338,Venture Capital,2028-09-30,2025-09-30,55059035.0,,,0.0,0.0,0.0
Fund339,Venture Capital,2029-06-30,2025-09-30,3907445.0,,,0.0,0.0,0.0
Fund34,Venture Capital,2025-09-30,2025-09-30,22560871.0,,,0.0,0.0,0.0
Fund340,Private Equity,2029-06-30,2025-09-30,13930354.73,,,0.0,0.0,0.0
Fund341,Venture Capital,2028-06-30,2025-09-30,22991366.35,,,0.0,0.0,0.0
Fund342,Business Angels,2023-12-31,2025-09-30,3081672.79,326483.87,,2929808.38,0.0,0.0
Fund343,Business Angels,2030-09-30,2025-09-30,781604.44,,,0.0,0.0,0.0
Fund344,Private Equity,2036-03-31,2025-09-30,14597179.0,,,0.0,0.0,0.0
Fund345,Hybrid Debt-Equity,2033-06-30,2025-09-30,16828117.03,,,0.0,0.0,0.0
Fund346,Venture Capital,2031-06-30,2025-09-30,51797011.43,,,0.0,0.0,0.0
Fund347,Venture Capital,2028-12-31,2025-09-30,20781491.33,,,0.0,0.0,0.0
Fund348,Venture Capital,2034-09-30,2025-09-30,13537000.0,,,0.0,0.0,0.0
Fund349,Other Private Debt,2032-09-30,2025-09-30,22304234.74,,,0.0,0.0,0.0
Fund35,Venture Capital,2027-03-31,2025-09-30,15320621.45,,,0.0,0.0,0.0
Fund350,Private Equity,2036-09-30,2025-09-30,2744400.0,,,0.0,0.0,0.0
Fund351,Venture Capital,2027-09-30,2025-09-30,12048198.94,,,0.0,0.0,0.0
Fund352,Private Equity,2029-09-30,2025-09-30,1480564.582,,,0.0,0.0,0.0
Fund353,Infrastructure,2036-03-31,2025-09-30,40461034.04,,,0.0,0.0,0.0
Fund354,Private Equity,2033-12-31,2025-09-30,35767083.31,,,0.0,0.0,0.0
Fund355,Venture Capital,2034-06-30,2025-09-30,6455051.0,,,0.0,0.0,0.0
Fund356,Private Equity,2030-06-30,2025-09-30,20427739.29,,,0.0,0.0,0.0
Fund357,Private Equity,2029-09-30,2025-09-30,55710612.91,,,0.0,0.0,0.0
Fund358,Venture Capital,2031-09-30,2025-09-30,22692234.11,,,0.0,0.0,0.0
Fund359,Private Equity,2034-09-30,2025-09-30,2593073.69,,,0.0,0.0,0.0
Fund36,Private Equity,2031-12-31,2025-09-30,31163330.45,,,0.0,0.0,0.0
Fund360,Other Private Debt,2027-06-30,2025-09-30,2726629.59,,,0.0,0.0,0.0
Fund361,Venture Capital,2029-03-31,2025-09-30,26877793.0,,,0.0,0.0,0.0
Fund362,Infrastructure,2035-09-30,2025-09-30,22202047.48,,,0.0,0.0,0.0
Fund363,Venture Capital,2025-09-30,2025-09-30,231751.0836,,,0.0,0.0,0.0
Fund364,Business Angels,2029-03-31,2025-09-30,2067173.4,,,0.0,0.0,0.0
Fund365,Private Equity,2028-12-31,2025-09-30,459553.23,,,0.0,0.0,0.0
Fund366,Private Equity,2032-09-30,2025-09-30,16406889.0,,,0.0,0.0,0.0
Fund367,Private Equity,2032-12-31,2025-09-30,46422314.56,,,0.0,0.0,0.0
Fund368,Venture Capital,2029-06-30,2025-09-30,17023711.0,,,0.0,0.0,0.0
Fund369,Infrastructure,2034-09-30,2025-09-30,17665150.13,,,0.0,0.0,0.0
Fund37,Venture Capital,2031-09-30,2025-09-30,31268052.92,,,0.0,0.0,0.0
Fund370,Private Equity,2029-03-31,2025-09-30,15432038.21,,,0.0,0.0,0.0
Fund371,Venture Capital,2024-09-30,2025-09-30,764038.74,797203.8,,0.0,0.0,0.0
Fund372,Venture Capital,2030-12-31,2025-09-30,67336445.76,,,0.0,0.0,0.0
Fund373,Private Equity,2031-09-30,2025-09-30,48085687.16,,,0.0,0.0,0.0
Fund374,Business Angels,2029-09-30,2025-09-30,235275.74,,,0.0,0.0,0.0
Fund375,Private Equity,2031-03-31,2025-09-30,70548905.63,,,0.0,0.0,0.0
Fund376,Business Angels,2030-06-30,2025-09-30,0.0,,,0.0,0.0,0.0
Fund377,Venture Capital,2031-03-31,2025-09-30,8487281.0,,,0.0,0.0,0.0
Fund378,Venture Capital,2036-09-30,2025-09-30,0.0,,,0.0,0.0,0.0
Fund379,Venture Capital,2029-03-31,2025-09-30,13040317.0,,,0.0,0.0,0.0
Fund38,Hybrid Debt-Equity,2028-06-30,2025-09-30,14766926.25,,,0.0,0.0,0.0
Fund380,Venture Capital,2029-12-31,2025-09-30,52828453.0,,,0.0,0.0,0.0
Fund381,Venture Capital,2025-09-30,2025-09-30,15119264.06,,,0.0,0.0,0.0
Fund382,Venture Capital,2034-03-31,2025-09-30,9481633.74,,,0.0,0.0,0.0
Fund383,Venture Capital,2021-12-31,2025-09-30,2027876.49,2084510.46,1239639.98,0.0,0.0,0.0
Fund384,Venture Capital,2028-06-30,2025-09-30,37245429.76,,,0.0,0.0,0.0
Fund385,Private Equity,2036-09-30,2025-09-30,3168600.0,,,0.0,0.0,0.0
Fund386,Hybrid Debt-Equity,2029-03-31,2025-09-30,38227797.0,,,0.0,0.0,0.0
Fund387,Venture Capital,2031-03-31,2025-09-30,31256537.0,,,0.0,0.0,0.0
Fund388,Private Equity,2036-12-31,2025-09-30,563534.25,,,0.0,0.0,0.0
Fund389,Other Private Debt,2029-09-30,2025-09-30,4002609.22,,,0.0,0.0,0.0
Fund39,Hybrid Debt-Equity,2031-06-30,2025-09-30,26388600.0,,,0.0,0.0,0.0
Fund390,Private Equity,2031-12-31,2025-09-30,15820727.57,,,0.0,0.0,0.0
Fund391,Venture Capital,2025-09-30,2025-09-30,4091131.34,,,0.0,0.0,0.0
Fund392,Venture Capital,2031-06-30,2025-09-30,1761110.98,,,0.0,0.0,0.0
Fund393,Venture Capital,2032-03-31,2025-09-30,25731884.0,,,0.0,0.0,0.0
Fund394,Private Equity,2031-09-30,2025-09-30,45067349.8,,,0.0,0.0,0.0
Fund395,Private Equity,2024-03-31,2025-09-30,3110936.33,44201.55,,3020000.0,0.0,0.0
Fund396,Venture Capital,2037-03-31,2025-09-30,0.0,,,0.0,0.0,0.0
Fund397,Venture Capital,2025-09-30,2025-09-30,1093000.0,,,0.0,0.0,0.0
Fund398,Private Equity,2033-06-30,2025-09-30,58711316.0,,,0.0,0.0,0.0
Fund399,Private Equity,2029-09-30,2025-09-30,17698790.21,,,0.0,0.0,0.0
Fund4,Venture Capital,2033-06-30,2025-09-30,42453293.05,,,0.0,0.0,0.0
Fund40,Private Equity,2037-09-30,2025-09-30,1728012.201,,,0.0,0.0,0.0
Fund400,Hybrid Debt-Equity,2027-06-30,2025-09-30,5003614.58,,,0.0,0.0,0.0
Fund401,Private Equity,2028-03-31,2025-09-30,3821092.928,,,0.0,0.0,0.0
Fund402,Private Equity,2023-09-30,2025-09-30,521548.0,602526.0,611867.0,0.0,0.0,0.0
Fund403,Private Equity,2031-12-31,2025-09-30,30200063.0,,,0.0,0.0,0.0
Fund404,Venture Capital,2034-12-31,2025-09-30,4781908.0,,,0.0,0.0,0.0
Fund405,Hybrid Debt-Equity,2034-09-30,2025-09-30,8557788.82,,,0.0,0.0,0.0
Fund406,Private Equity,2030-09-30,2025-09-30,22276871.06,,,0.0,0.0,0.0
Fund407,Private Equity,2037-12-31,2025-09-30,3281581.04,,,0.0,0.0,0.0
Fund408,Hybrid Debt-Equity,2033-12-31,2025-09-30,63239894.98,,,0.0,0.0,0.0
Fund409,Private Equity,2030-09-30,2025-09-30,12994279.0,,,0.0,0.0,0.0
Fund41,Venture Capital,2028-09-30,2025-09-30,70524358.26,,,0.0,0.0,0.0
Fund410,Venture Capital,2031-03-31,2025-09-30,3810228.06,,,0.0,0.0,0.0
Fund411,Private Equity,2031-06-30,2025-09-30,16279150.22,,,0.0,0.0,0.0
Fund412,Private Equity,2036-06-30,2025-09-30,8517190.81,,,0.0,0.0,0.0
Fund413,Business Angels,2028-03-31,2025-09-30,1520841.88,,,0.0,0.0,0.0
Fund414,Private Equity,2031-09-30,2025-09-30,43503328.0,,,0.0,0.0,0.0
Fund415,Hybrid Debt-Equity,2032-06-30,2025-09-30,29305287.96,,,0.0,0.0,0.0
Fund416,Private Equity,2035-09-30,2025-09-30,4807639.94,,,0.0,0.0,0.0
Fund417,Venture Capital,2030-06-30,2025-09-30,51435108.0,,,0.0,0.0,0.0
Fund418,Venture Capital,2026-06-30,2025-09-30,3670024.95,,,0.0,0.0,0.0
Fund419,Private Equity,2028-03-31,2025-09-30,15812420.0,,,0.0,0.0,0.0
Fund42,Venture Capital,2022-09-30,2025-09-30,3164663.84,6406281.0,3180798.0,0.0,2636655.58,3420356.0
Fund420,Private Equity,2034-06-30,2025-09-30,28223538.0,,,0.0,0.0,0.0
Fund421,Venture Capital,2030-03-31,2025-09-30,36469670.27,,,0.0,0.0,0.0
Fund422,Venture Capital,2030-09-30,2025-09-30,44134800.0,,,0.0,0.0,0.0
Fund423,Private Equity,2029-06-30,2025-09-30,12476622.23,,,0.0,0.0,0.0
Fund424,Venture Capital,2026-12-31,2023-06-30,29401.22,,,0.0,0.0,0.0
Fund425,Private Equity,2028-12-31,2025-09-30,16507380.41,,,0.0,0.0,0.0
Fund426,Private Equity,2031-12-31,2025-09-30,10654040.49,,,0.0,0.0,0.0
Fund427,TTA,2028-03-31,2025-09-30,11952156.0,,,0.0,0.0,0.0
Fund428,Venture Capital,2028-09-30,2025-09-30,37272336.2,,,0.0,0.0,0.0
Fund429,Private Equity,2022-09-30,2025-09-30,58507.0,58507.0,58507.0,0.0,0.0,0.0
Fund43,Venture Capital,2033-09-30,2025-09-30,10498091.0,,,0.0,0.0,0.0
Fund430,Private Equity,2028-12-31,2025-09-30,26160339.27,,,0.0,0.0,0.0
Fund431,Private Equity,2033-03-31,2025-09-30,44673506.83,,,0.0,0.0,0.0
Fund432,Venture Capital,2027-03-31,2025-09-30,31149792.0,,,0.0,0.0,0.0
Fund433,Venture Capital,2031-03-31,2025-09-30,25821574.39,,,0.0,0.0,0.0
Fund434,Private Equity,2029-09-30,2025-09-30,6339666.0,,,0.0,0.0,0.0
Fund435,Business Angels,2029-12-31,2025-09-30,267479.64,,,0.0,0.0,0.0
Fund436,Venture Capital,2019-06-30,2014-09-30,0.01,,,0.0,0.0,0.0
Fund437,Venture Capital,2028-06-30,2025-09-30,24733849.0,,,0.0,0.0,0.0
Fund438,Private Equity,2029-06-30,2025-09-30,29754051.0,,,0.0,0.0,0.0
Fund439,Venture Capital,2028-03-31,2025-09-30,49372678.56,,,0.0,0.0,0.0
Fund44,Venture Capital,2030-03-31,2025-09-30,15609573.03,,,0.0,0.0,0.0
Fund440,Private Equity,2031-09-30,2025-09-30,12880308.0,,,0.0,0.0,0.0
Fund441,Venture Capital,2028-06-30,2025-09-30,47499625.0,,,0.0,0.0,0.0
Fund442,Venture Capital,2030-06-30,2025-09-30,8353816.7,,,0.0,0.0,0.0
Fund443,Private Equity,2035-12-31,2025-09-30,23480147.0,,,0.0,0.0,0.0
Fund444,Venture Capital,2023-03-31,2025-09-30,2839867.0,1719340.0,741162.0,0.0,0.0,0.0
Fund445,Hybrid Debt-Equity,2027-12-31,2025-09-30,1602112.08,,,0.0,0.0,0.0
Fund446,Venture Capital,2033-03-31,2025-09-30,10306705.85,,,0.0,0.0,0.0
Fund447,Venture Capital,2026-06-30,2025-09-30,5792468.83,,,0.0,0.0,0.0
Fund448,Venture Capital,2023-09-30,2025-06-30,9206087.04,9400053.0,,0.0,0.0,0.0
Fund449,Business Angels,2028-03-31,2023-12-31,0.0,,,0.0,0.0,0.0
Fund45,Private Equity,2031-09-30,2025-09-30,43963818.3,,,0.0,0.0,0.0
Fund450,TTA,2036-12-31,2025-09-30,1671798.87,,,0.0,0.0,0.0
Fund451,Venture Capital,2031-03-31,2025-09-30,1607018.135,,,0.0,0.0,0.0
Fund452,Venture Capital,2031-03-31,2025-03-31,898304.29,,,0.0,0.0,0.0
Fund453,Venture Capital,2028-03-31,2025-09-30,47480638.0,,,0.0,0.0,0.0
Fund454,Private Equity,2028-09-30,2025-09-30,15761160.0,,,0.0,0.0,0.0
Fund455,Venture Capital,2033-09-30,2025-09-30,20364202.0,,,0.0,0.0,0.0
Fund456,Venture Capital,2031-06-30,2025-06-30,20673025.0,,,0.0,0.0,0.0
Fund457,Venture Capital,2028-09-30,2025-09-30,8343766.0,,,0.0,0.0,0.0
Fund458,Venture Capital,2035-12-31,2025-09-30,2405552.09,,,0.0,0.0,0.0
Fund459,Private Equity,2031-12-31,2025-09-30,18353406.67,,,0.0,0.0,0.0
Fund46,Private Equity,2029-03-31,2025-09-30,26184434.0,,,0.0,0.0,0.0
Fund460,Private Equity,2030-12-31,2025-09-30,48939405.03,,,0.0,0.0,0.0
Fund461,Private Equity,2028-12-31,2025-09-30,7066786.56,,,0.0,0.0,0.0
Fund462,TTA,2032-09-30,2025-09-30,20100017.89,,,0.0,0.0,0.0
Fund463,Venture Capital,2028-03-31,2025-09-30,54562112.0,,,0.0,0.0,0.0
Fund464,Venture Capital,2027-12-31,2025-09-30,65796603.24,,,0.0,0.0,0.0
Fund465,Private Equity,2029-09-30,2025-09-30,7595292.0,,,0.0,0.0,0.0
Fund466,TTA,2030-03-31,2025-09-30,23731802.0,,,0.0,0.0,0.0
Fund467,Business Angels,2030-09-30,2025-09-30,9824365.83,,,0.0,0.0,0.0
Fund468,Business Angels,2031-12-31,2025-09-30,1121832.41,,,0.0,0.0,0.0
Fund469,Venture Capital,2033-06-30,2025-09-30,12663163.35,,,0.0,0.0,0.0
Fund47,Venture Capital,2027-09-30,2025-09-30,30699493.0,,,0.0,0.0,0.0
Fund470,Venture Capital,2027-09-30,2025-09-30,55332308.95,,,0.0,0.0,0.0
Fund471,Venture Capital,2035-06-30,2025-09-30,11855784.42,,,0.0,0.0,0.0
Fund472,TTA,2029-09-30,2025-09-30,29568932.0,,,0.0,0.0,0.0
Fund473,Infrastructure,2032-09-30,2025-09-30,27613200.0,,,0.0,0.0,0.0
Fund474,Venture Capital,2033-09-30,2025-09-30,8176102.5,,,0.0,0.0,0.0
Fund475,Private Equity,2034-12-31,2025-09-30,27520538.0,,,0.0,0.0,0.0
Fund476,Venture Capital,2026-09-30,2025-09-30,31458754.0,,,0.0,0.0,0.0
Fund477,Private Equity,2035-12-31,2025-09-30,14118102.0,,,0.0,0.0,0.0
Fund478,Private Equity,2035-03-31,2025-09-30,10071802.51,,,0.0,0.0,0.0
Fund479,Venture Capital,2023-12-31,2025-09-30,11445298.0,12142568.0,,0.0,0.0,0.0
Fund48,Other Private Debt,2028-06-30,2025-09-30,1840838.0,,,0.0,0.0,0.0
Fund480,Venture Capital,2032-12-31,2025-09-30,25842112.86,,,0.0,0.0,0.0
Fund481,Venture Capital,2023-09-30,2025-09-30,9331974.99,8107899.31,6610559.44,0.0,0.0,0.0
Fund482,Venture Capital,2029-12-31,2025-09-30,406574686.0,,,0.0,0.0,0.0
Fund483,Venture Capital,2027-09-30,2025-09-30,43397310.0,,,0.0,0.0,0.0
Fund484,Venture Capital,2034-12-31,2025-09-30,12613538.99,,,0.0,0.0,0.0
Fund485,Venture Capital,2033-12-31,2025-09-30,23073064.52,,,0.0,0.0,0.0
Fund486,Private Equity,2032-12-31,2025-09-30,40993340.58,,,0.0,0.0,0.0
Fund487,Private Equity,2037-09-30,2025-09-30,5413718.64,,,0.0,0.0,0.0
Fund488,Private Equity,2033-12-31,2025-09-30,17875621.13,,,0.0,0.0,0.0
Fund489,Private Equity,2032-06-30,2025-09-30,21628010.0,,,0.0,0.0,0.0
Fund49,Venture Capital,2036-12-31,2025-09-30,1617937.0,,,0.0,0.0,0.0
Fund490,Private Equity,2035-06-30,2025-09-30,4154677.0,,,0.0,0.0,0.0
Fund491,Other Private Debt,2029-06-30,2025-09-30,78923417.87,,,0.0,0.0,0.0
Fund492,Private Equity,2029-03-31,2025-09-30,1036258.06,,,0.0,0.0,0.0
Fund493,TTA,2040-06-30,2025-09-30,4230604.86,,,0.0,0.0,0.0
Fund494,Private Equity,2028-12-31,2025-09-30,25165409.06,,,0.0,0.0,0.0
Fund495,Venture Capital,2028-03-31,2025-09-30,68177025.0,,,0.0,0.0,0.0
Fund496,Venture Capital,2026-03-31,2024-12-31,0.0,,,0.0,0.0,0.0
Fund497,Private Equity,2032-03-31,2025-09-30,65592508.21,,,0.0,0.0,0.0
Fund498,Private Equity,2031-06-30,2025-09-30,2610669.76,,,0.0,0.0,0.0
Fund499,Venture Capital,2028-03-31,2025-09-30,70334596.66,,,0.0,0.0,0.0
Fund5,Venture Capital,2029-09-30,2025-09-30,49092287.6,,,0.0,0.0,0.0
Fund50,Infrastructure,2034-09-30,2025-09-30,50527500.0,,,0.0,0.0,0.0
Fund500,Business Angels,2030-06-30,2020-12-31,0.0,,,0.0,0.0,0.0
Fund501,Private Equity,2029-03-31,2025-09-30,1754516.66,,,0.0,0.0,0.0
Fund502,Venture Capital,2034-06-30,2025-09-30,107096915.8,,,0.0,0.0,0.0
Fund503,Private Equity,2028-06-30,2025-09-30,40550085.32,,,0.0,0.0,0.0
Fund504,TTA,2032-06-30,2025-09-30,26831820.79,,,0.0,0.0,0.0
Fund505,Venture Capital,2032-03-31,2025-09-30,17927000.86,,,0.0,0.0,0.0
Fund506,Venture Capital,2031-12-31,2025-09-30,11835951.73,,,0.0,0.0,0.0
Fund507,Private Equity,2031-06-30,2025-09-30,39691696.4,,,0.0,0.0,0.0
Fund508,Venture Capital,2028-06-30,2025-09-30,36648525.76,,,0.0,0.0,0.0
Fund509,Venture Capital,2033-09-30,2025-09-30,12476072.67,,,0.0,0.0,0.0
Fund51,TTA,2027-12-31,2025-09-30,21991959.23,,,0.0,0.0,0.0
Fund510,Venture Capital,2030-09-30,2025-09-30,20459833.09,,,0.0,0.0,0.0
Fund511,Private Equity,2035-03-31,2025-09-30,90229602.68,,,0.0,0.0,0.0
Fund512,Private Equity,2037-09-30,2025-09-30,4412209.07,,,0.0,0.0,0.0
Fund513,Business Angels,2027-09-30,2025-09-30,2928322.95,,,0.0,0.0,0.0
Fund514,Venture Capital,2036-03-31,2025-09-30,0.0,,,0.0,0.0,0.0
Fund515,Private Equity,2038-06-30,2025-09-30,0.0,,,0.0,0.0,0.0
Fund516,Private Equity,2033-06-30,2025-09-30,20042360.37,,,0.0,0.0,0.0
Fund517,Venture Capital,2030-03-31,2025-09-30,28952659.26,,,0.0,0.0,0.0
Fund518,Private Equity,2030-09-30,2025-09-30,28785745.5,,,0.0,0.0,0.0
Fund519,TTA,2032-12-31,2025-09-30,26099575.45,,,0.0,0.0,0.0
Fund52,Hybrid Debt-Equity,2026-12-31,2025-09-30,2798767.972,,,0.0,0.0,0.0
Fund520,Private Equity,2030-09-30,2025-09-30,20425230.0,,,0.0,0.0,0.0
Fund521,Private Equity,2029-03-31,2025-09-30,3182202.221,,,0.0,0.0,0.0
Fund522,Private Equity,2034-12-31,2025-09-30,21420000.0,,,0.0,0.0,0.0
Fund523,Private Equity,2030-03-31,2025-09-30,15412878.06,,,0.0,0.0,0.0
Fund524,Hybrid Debt-Equity,2030-06-30,2025-09-30,69983766.07,,,0.0,0.0,0.0
Fund525,Private Equity,2034-06-30,2025-09-30,19171763.53,,,0.0,0.0,0.0
Fund526,Private Equity,2035-12-31,2025-09-30,11478416.13,,,0.0,0.0,0.0
Fund527,Private Equity,2029-06-30,2025-09-30,23932143.78,,,0.0,0.0,0.0
Fund528,Venture Capital,2030-12-31,2025-09-30,42985012.31,,,0.0,0.0,0.0
Fund529,Private Equity,2027-03-31,2025-09-30,0.0,,,0.0,0.0,0.0
Fund53,Venture Capital,2032-03-31,2025-09-30,55672985.0,,,0.0,0.0,0.0
Fund530,Venture Capital,2027-12-31,2025-09-30,146719325.0,,,0.0,0.0,0.0
Fund531,Venture Capital,2036-09-30,2025-09-30,2514869.25,,,0.0,0.0,0.0
Fund532,Private Equity,2025-12-31,2025-09-30,0.0,,,0.0,0.0,0.0
Fund533,Venture Capital,2030-12-31,2025-09-30,58308571.01,,,0.0,0.0,0.0
Fund534,Hybrid Debt-Equity,2031-03-31,2025-09-30,101456814.0,,,0.0,0.0,0.0
Fund535,Private Equity,2024-12-31,2025-09-30,1034833.0,,,130793.4,0.0,0.0
Fund536,Venture Capital,2027-12-31,2025-09-30,94954720.22,,,0.0,0.0,0.0
Fund537,Venture Capital,2032-12-31,2025-09-30,14355039.87,,,0.0,0.0,0.0
Fund538,Private Equity,2028-12-31,2025-09-30,13760535.28,,,0.0,0.0,0.0
Fund539,Venture Capital,2031-06-30,2025-09-30,30218378.86,,,0.0,0.0,0.0
Fund54,Infrastructure,2038-09-30,2025-09-30,27637656.02,,,0.0,0.0,0.0
Fund540,Private Equity,2033-09-30,2025-09-30,32742693.0,,,0.0,0.0,0.0
Fund541,Infrastructure,2039-03-31,2025-09-30,56608761.0,,,0.0,0.0,0.0
Fund542,Hybrid Debt-Equity,2030-06-30,2025-09-30,62986430.0,,,0.0,0.0,0.0
Fund543,Private Equity,2035-12-31,2025-09-30,14749114.37,,,0.0,0.0,0.0
Fund544,Private Equity,2035-06-30,2025-09-30,37420246.05,,,0.0,0.0,0.0
Fund545,Private Equity,2029-09-30,2025-09-30,10439532.38,,,0.0,0.0,0.0
Fund546,Private Equity,2033-09-30,2025-09-30,21117929.0,,,0.0,0.0,0.0
Fund547,Private Equity,2038-06-30,2025-09-30,0.0,,,0.0,0.0,0.0
Fund548,Private Equity,2027-09-30,2022-06-30,0.0,,,0.0,0.0,0.0
Fund549,Private Equity,2025-12-31,2024-12-31,0.0,,,0.0,0.0,0.0
Fund55,Venture Capital,2030-12-31,2025-09-30,26720718.43,,,0.0,0.0,0.0
Fund550,Venture Capital,2026-06-30,2025-09-30,27921687.0,,,0.0,0.0,0.0
Fund551,Venture Capital,2026-06-30,2025-09-30,7510466.48,,,0.0,0.0,0.0
Fund552,Venture Capital,2030-12-31,2025-09-30,114925540.1,,,0.0,0.0,0.0
Fund553,Hybrid Debt-Equity,2037-03-31,2025-09-30,3737040.49,,,0.0,0.0,0.0
Fund554,Private Equity,2029-03-31,2025-09-30,48279573.23,,,0.0,0.0,0.0
Fund555,Venture Capital,2029-06-30,2025-09-30,87214629.55,,,0.0,0.0,0.0
Fund556,Venture Capital,2026-06-30,2025-09-30,4950817.0,,,0.0,0.0,0.0
Fund557,Private Equity,2030-06-30,2025-09-30,4212747.948,,,0.0,0.0,0.0
Fund558,Venture Capital,2033-06-30,2025-09-30,10986950.43,,,0.0,0.0,0.0
Fund559,Hybrid Debt-Equity,2028-06-30,2025-09-30,8104862.41,,,0.0,0.0,0.0
Fund56,Business Angels,2027-03-31,2025-09-30,6332694.9,,,0.0,0.0,0.0
Fund560,Private Equity,2031-06-30,2025-09-30,39193000.0,,,0.0,0.0,0.0
Fund561,Private Equity,2036-12-31,2025-09-30,11570634.89,,,0.0,0.0,0.0
Fund562,Private Equity,2020-03-31,2025-06-30,46631.0,43123.0,0.0,0.0,0.0,0.0
Fund563,Venture Capital,2028-12-31,2025-09-30,3077361.6,,,0.0,0.0,0.0
Fund564,Venture Capital,2027-09-30,2025-09-30,26228871.0,,,0.0,0.0,0.0
Fund565,Private Equity,2028-09-30,2025-09-30,2023054.0,,,0.0,0.0,0.0
Fund566,Business Angels,2032-03-31,2025-09-30,7488160.86,,,0.0,0.0,0.0
Fund567,Venture Capital,2028-03-31,2025-09-30,69671.34,,,0.0,0.0,0.0
Fund568,Venture Capital,2033-12-31,2025-09-30,25472000.0,,,0.0,0.0,0.0
Fund569,Venture Capital,2026-12-31,2025-09-30,29.09,,,0.0,0.0,0.0
Fund57,Venture Capital,2025-09-30,2025-09-30,67485776.02,,,0.0,0.0,0.0
Fund570,Venture Capital,2029-03-31,2025-09-30,54475899.93,,,0.0,0.0,0.0
Fund571,Private Equity,2034-12-31,2025-09-30,76408447.0,,,0.0,0.0,0.0
Fund572,Other Private Debt,2027-09-30,2025-09-30,2397456.723,,,0.0,0.0,0.0
Fund573,Business Angels,2027-09-30,2025-09-30,0.0,,,0.0,0.0,0.0
Fund574,Private Equity,2030-09-30,2025-09-30,6953283.46,,,0.0,0.0,0.0
Fund575,Venture Capital,2030-03-31,2025-09-30,49990006.36,,,0.0,0.0,0.0
Fund576,Venture Capital,2032-12-31,2025-09-30,19933424.0,,,0.0,0.0,0.0
Fund577,Private Equity,2030-09-30,2025-09-30,6575875.0,,,0.0,0.0,0.0
Fund578,Private Equity,2029-06-30,2025-09-30,21685746.0,,,0.0,0.0,0.0
Fund579,Venture Capital,2036-03-31,2025-09-30,1785795.145,,,0.0,0.0,0.0
Fund58,Private Equity,2037-03-31,2025-09-30,20348039.29,,,0.0,0.0,0.0
Fund580,Private Equity,2034-09-30,2025-09-30,28238680.0,,,0.0,0.0,0.0
Fund581,Private Equity,2029-06-30,2025-09-30,8790738.0,,,0.0,0.0,0.0
Fund582,Venture Capital,2029-12-31,2025-09-30,51401588.74,,,0.0,0.0,0.0
Fund583,Private Equity,2031-06-30,2025-09-30,28429900.01,,,0.0,0.0,0.0
Fund584,Other Private Debt,2028-06-30,2025-09-30,0.0,,,0.0,0.0,0.0
Fund585,Venture Capital,2025-09-30,2025-09-30,646218.0,,,0.0,0.0,0.0
Fund586,Venture Capital,2028-03-31,2025-09-30,4620086.049,,,0.0,0.0,0.0
Fund587,Private Equity,2029-03-31,2025-09-30,40028519.0,,,0.0,0.0,0.0
Fund588,Private Equity,2035-03-31,2025-09-30,15917837.09,,,0.0,0.0,0.0
Fund589,Business Angels,2030-09-30,2025-09-30,1661587.27,,,0.0,0.0,0.0
Fund59,Venture Capital,2031-03-31,2025-09-30,38485825.95,,,0.0,0.0,0.0
Fund590,Private Equity,2028-12-31,2025-09-30,6001886.616,,,0.0,0.0,0.0
Fund591,Venture Capital,2032-06-30,2025-09-30,33440630.95,,,0.0,0.0,0.0
Fund592,Venture Capital,2028-03-31,2025-09-30,5522554.37,,,0.0,0.0,0.0
Fund593,Private Equity,2030-12-31,2025-09-30,22319176.23,,,0.0,0.0,0.0
Fund594,Infrastructure,2034-09-30,2025-09-30,27067163.0,,,0.0,0.0,0.0
Fund595,Venture Capital,2028-12-31,2025-09-30,48413991.0,,,0.0,0.0,0.0
Fund596,Special Structure/ FoF,2033-06-30,2025-09-30,29173066.08,,,0.0,0.0,0.0
Fund597,Private Equity,2032-06-30,2025-09-30,23203346.8,,,0.0,0.0,0.0
Fund598,Venture Capital,2027-12-31,2025-09-30,41283153.0,,,0.0,0.0,0.0
Fund599,Private Equity,2030-09-30,2025-09-30,7520193.2,,,0.0,0.0,0.0
Fund6,Venture Capital,2026-03-31,2025-09-30,16000.0,,,0.0,0.0,0.0
Fund60,Private Equity,2033-03-31,2025-09-30,39131167.8,,,0.0,0.0,0.0
Fund600,Private Equity,2030-12-31,2025-09-30,11473889.81,,,0.0,0.0,0.0
Fund601,Venture Capital,2033-03-31,2025-09-30,38459838.0,,,0.0,0.0,0.0
Fund602,Hybrid Debt-Equity,2028-09-30,2025-09-30,27116093.28,,,0.0,0.0,0.0
Fund603,Venture Capital,2025-12-31,2025-09-30,11583588.44,,,0.0,0.0,0.0
Fund604,Private Equity,2033-09-30,2025-09-30,89972116.82,,,0.0,0.0,0.0
Fund605,Private Equity,2034-09-30,2025-09-30,20313267.4,,,0.0,0.0,0.0
Fund606,Private Equity,2027-12-31,2024-09-30,0.0,,,0.0,0.0,0.0
Fund607,Venture Capital,2029-06-30,2025-09-30,47309077.99,,,0.0,0.0,0.0
Fund608,Private Equity,2028-12-31,2025-09-30,3270485.0,,,0.0,0.0,0.0
Fund609,Venture Capital,2034-06-30,2025-09-30,12314700.55,,,0.0,0.0,0.0
Fund61,TTA,2025-03-31,2025-09-30,7019264.448,,,2133626.456,0.0,0.0
Fund610,Other Private Debt,2029-12-31,2025-09-30,287531.89,,,0.0,0.0,0.0
Fund611,Hybrid Debt-Equity,2030-09-30,2025-09-30,29972997.0,,,0.0,0.0,0.0
Fund612,Other Private Debt,2029-09-30,2025-09-30,13412809.89,,,0.0,0.0,0.0
Fund613,Venture Capital,2032-12-31,2025-09-30,13851367.8,,,0.0,0.0,0.0
Fund614,Private Equity,2032-06-30,2025-06-30,48366913.0,,,0.0,0.0,0.0
Fund615,Hybrid Debt-Equity,2026-03-31,2024-12-31,0.0,,,0.0,0.0,0.0
Fund616,Private Equity,2033-12-31,2025-09-30,48616835.32,,,0.0,0.0,0.0
Fund617,Private Equity,2038-06-30,2025-09-30,0.0,,,0.0,0.0,0.0
Fund618,Venture Capital,2032-03-31,2025-09-30,38834668.0,,,0.0,0.0,0.0
Fund619,Private Equity,2034-09-30,2025-09-30,13552805.57,,,0.0,0.0,0.0
Fund62,Private Equity,2032-03-31,2025-09-30,50575204.35,,,0.0,0.0,0.0
Fund620,Private Equity,2030-06-30,2025-09-30,26639.56,,,0.0,0.0,0.0
Fund621,Other Private Debt,2030-09-30,2025-09-30,34924211.8,,,0.0,0.0,0.0
Fund622,Venture Capital,2032-03-31,2025-09-30,17239583.0,,,0.0,0.0,0.0
Fund623,Private Equity,2030-12-31,2025-09-30,15286591.06,,,0.0,0.0,0.0
Fund624,Venture Capital,2028-06-30,2025-09-30,78435586.1,,,0.0,0.0,0.0
Fund625,Venture Capital,2028-06-30,2025-09-30,58712867.75,,,0.0,0.0,0.0
Fund626,Private Equity,2032-09-30,2025-09-30,63407262.0,,,0.0,0.0,0.0
Fund627,Venture Capital,2034-09-30,2025-09-30,16581963.0,,,0.0,0.0,0.0
Fund628,Venture Capital,2032-06-30,2025-09-30,88482493.25,,,0.0,0.0,0.0
Fund629,Private Equity,2033-09-30,2025-09-30,12592500.0,,,0.0,0.0,0.0
Fund63,Venture Capital,2034-03-31,2025-09-30,10441683.1,,,0.0,0.0,0.0
Fund630,Venture Capital,2035-03-31,2025-09-30,14973016.0,,,0.0,0.0,0.0
Fund631,Business Angels,2025-09-30,2016-06-30,0.0,,,0.0,0.0,0.0
Fund632,Private Equity,2030-03-31,2025-09-30,33050857.0,,,0.0,0.0,0.0
Fund633,Venture Capital,2029-03-31,2025-09-30,43870070.99,,,0.0,0.0,0.0
Fund634,Venture Capital,2034-06-30,2025-09-30,7269145.26,,,0.0,0.0,0.0
Fund635,Private Equity,2034-12-31,2025-09-30,58789185.99,,,0.0,0.0,0.0
Fund636,Private Equity,2029-06-30,2025-09-30,3922876.0,,,0.0,0.0,0.0
Fund637,Venture Capital,2030-06-30,2025-09-30,8713802.0,,,0.0,0.0,0.0
Fund638,Private Equity,2035-06-30,2025-09-30,15693609.03,,,0.0,0.0,0.0
Fund639,Infrastructure,2035-09-30,2025-09-30,38435932.0,,,0.0,0.0,0.0
Fund64,Venture Capital,2028-03-31,2025-09-30,22732245.2,,,0.0,0.0,0.0
Fund640,Venture Capital,2028-06-30,2025-09-30,162474.0,,,0.0,0.0,0.0
Fund641,Venture Capital,2028-12-31,2025-09-30,35339441.31,,,0.0,0.0,0.0
Fund642,Venture Capital,2033-06-30,2025-09-30,21525600.0,,,0.0,0.0,0.0
Fund643,Venture Capital,2029-09-30,2025-09-30,39124866.43,,,0.0,0.0,0.0
Fund644,Business Angels,2031-09-30,2025-09-30,8967917.73,,,0.0,0.0,0.0
Fund645,Private Equity,2029-06-30,2025-09-30,7255609.585,,,0.0,0.0,0.0
Fund646,Venture Capital,2021-03-31,2017-12-31,0.0,,,0.0,0.0,0.0
Fund647,Hybrid Debt-Equity,2034-09-30,2025-09-30,47748019.96,,,0.0,0.0,0.0
Fund648,Venture Capital,2028-12-31,2025-09-30,181766732.9,,,0.0,0.0,0.0
Fund649,Venture Capital,2037-06-30,2025-09-30,0.0,,,0.0,0.0,0.0
Fund65,Venture Capital,2029-09-30,2025-09-30,42524264.37,,,0.0,0.0,0.0
Fund650,Private Equity,2034-09-30,2025-09-30,16151934.59,,,0.0,0.0,0.0
Fund651,Venture Capital,2030-12-31,2025-09-30,1333680.12,,,0.0,0.0,0.0
Fund652,Venture Capital,2028-12-31,2025-09-30,19135626.7,,,0.0,0.0,0.0
Fund653,TTA,2028-12-31,2025-09-30,5341474.0,,,0.0,0.0,0.0
Fund654,Hybrid Debt-Equity,2026-09-30,2025-09-30,770628.53,,,0.0,0.0,0.0
Fund655,Venture Capital,2028-09-30,2025-09-30,52070161.22,,,0.0,0.0,0.0
Fund656,Business Angels,2030-09-30,2025-09-30,154751.35,,,0.0,0.0,0.0
Fund657,TTA,2026-06-30,2025-09-30,49265529.0,,,0.0,0.0,0.0
Fund658,Venture Capital,2036-06-30,2025-09-30,5717491.34,,,0.0,0.0,0.0
Fund659,Private Equity,2038-09-30,2025-09-30,0.0,,,0.0,0.0,0.0
Fund66,Venture Capital,2034-06-30,2025-09-30,2336889.3,,,0.0,0.0,0.0
Fund660,Private Equity,2031-12-31,2025-09-30,26732139.48,,,0.0,0.0,0.0
Fund661,Infrastructure,2038-06-30,2025-09-30,72200216.36,,,0.0,0.0,0.0
Fund662,TTA,2030-09-30,2025-09-30,42877159.43,,,0.0,0.0,0.0
Fund663,Private Equity,2027-09-30,2025-09-30,172170.64,,,0.0,0.0,0.0
Fund664,Venture Capital,2032-06-30,2025-09-30,33686635.31,,,0.0,0.0,0.0
Fund665,Venture Capital,2028-06-30,2025-09-30,53068801.0,,,0.0,0.0,0.0
Fund666,Venture Capital,2034-03-31,2025-09-30,7762333.74,,,0.0,0.0,0.0
Fund667,Private Equity,2029-03-31,2025-09-30,30432949.24,,,0.0,0.0,0.0
Fund668,Private Equity,2021-03-31,2021-12-31,5580239.0,,,5589472.16,0.0,0.0
Fund669,Venture Capital,2028-09-30,2025-09-30,64992424.51,,,0.0,0.0,0.0
Fund67,Private Equity,2036-03-31,2025-09-30,15537324.0,,,0.0,0.0,0.0
Fund670,Private Equity,2034-06-30,2025-09-30,24342506.92,,,0.0,0.0,0.0
Fund671,Venture Capital,2035-12-31,2025-09-30,8022296.44,,,0.0,0.0,0.0
Fund672,Hybrid Debt-Equity,2035-12-31,2025-09-30,19361520.0,,,0.0,0.0,0.0
Fund673,Infrastructure,2034-09-30,2025-09-30,46335000.0,,,0.0,0.0,0.0
Fund674,Private Equity,2028-06-30,2025-09-30,8758237.0,,,0.0,0.0,0.0
Fund675,Venture Capital,2036-06-30,2025-09-30,0.0,,,0.0,0.0,0.0
Fund676,Business Angels,2029-06-30,2025-09-30,1291359.5,,,0.0,0.0,0.0
Fund677,Private Equity,2030-09-30,2025-09-30,12992265.25,,,0.0,0.0,0.0
Fund678,Private Equity,2021-03-31,2019-12-31,0.0,,,0.0,0.0,0.0
Fund679,Venture Capital,2030-03-31,2025-09-30,36058536.9,,,0.0,0.0,0.0
Fund68,Private Equity,2029-12-31,2025-09-30,77824756.5,,,0.0,0.0,0.0
Fund680,Private Equity,2034-06-30,2025-09-30,41074808.0,,,0.0,0.0,0.0
Fund681,Private Equity,2029-09-30,2025-09-30,18669320.35,,,0.0,0.0,0.0
Fund682,Venture Capital,2028-06-30,2025-09-30,31207009.0,,,0.0,0.0,0.0
Fund683,Venture Capital,2028-06-30,2025-09-30,6857745.0,,,0.0,0.0,0.0
Fund684,Venture Capital,2037-06-30,2025-09-30,0.0,,,0.0,0.0,0.0
Fund685,Business Angels,2028-09-30,2025-09-30,6417057.08,,,0.0,0.0,0.0
Fund686,Private Equity,2026-12-31,2025-09-30,31308100.0,,,0.0,0.0,0.0
Fund687,Hybrid Debt-Equity,2032-06-30,2025-09-30,17229254.68,,,0.0,0.0,0.0
Fund688,Venture Capital,2036-12-31,2025-09-30,2720090.45,,,0.0,0.0,0.0
Fund689,Private Equity,2029-06-30,2025-09-30,3416424.69,,,0.0,0.0,0.0
Fund69,Venture Capital,2034-09-30,2025-09-30,12096084.43,,,0.0,0.0,0.0
Fund690,Private Equity,2029-03-31,2025-09-30,2453524.0,,,0.0,0.0,0.0
Fund691,Venture Capital,2035-09-30,2025-09-30,9843803.51,,,0.0,0.0,0.0
Fund692,Venture Capital,2030-03-31,2025-09-30,34268577.0,,,0.0,0.0,0.0
Fund693,Private Equity,2038-03-31,2025-09-30,0.0,,,0.0,0.0,0.0
Fund694,Private Equity,2036-09-30,2025-09-30,9412873.66,,,0.0,0.0,0.0
Fund695,TTA,2029-03-31,2025-09-30,8688921.0,,,0.0,0.0,0.0
Fund696,Venture Capital,2030-09-30,2025-09-30,46900816.0,,,0.0,0.0,0.0
Fund697,TTA,2032-06-30,2025-09-30,23293805.71,,,0.0,0.0,0.0
Fund698,Private Equity,2029-06-30,2025-09-30,34105025.32,,,0.0,0.0,0.0
Fund699,Venture Capital,2027-12-31,2025-09-30,1522842.0,,,0.0,0.0,0.0
Fund7,Private Equity,2029-03-31,2025-09-30,1148225.0,,,0.0,0.0,0.0
Fund70,Private Equity,2029-09-30,2025-09-30,11252197.0,,,0.0,0.0,0.0
Fund700,Private Equity,2025-06-30,2025-06-30,3476685.77,,,0.0,0.0,0.0
Fund701,Venture Capital,2026-03-31,2025-09-30,6752539.0,,,0.0,0.0,0.0
Fund702,Private Equity,2036-06-30,2025-09-30,9339980.851,,,0.0,0.0,0.0
Fund703,Venture Capital,2030-03-31,2025-09-30,26809296.0,,,0.0,0.0,0.0
Fund704,Private Equity,2029-06-30,2025-09-30,63177224.0,,,0.0,0.0,0.0
Fund705,TTA,2028-09-30,2025-09-30,4920285.21,,,0.0,0.0,0.0
Fund706,Venture Capital,2027-09-30,2025-09-30,27383632.0,,,0.0,0.0,0.0
Fund707,Venture Capital,2036-12-31,2025-09-30,5006353.4,,,0.0,0.0,0.0
Fund708,Venture Capital,2027-12-31,2025-09-30,56859255.9,,,0.0,0.0,0.0
Fund709,Other Private Debt,2034-06-30,2025-09-30,8207563.65,,,0.0,0.0,0.0
Fund71,Private Equity,2028-03-31,2025-09-30,8109.0,,,0.0,0.0,0.0
Fund710,Private Equity,2021-09-30,2024-12-31,173768.4915,166549.2639,166745.7031,0.0,0.0,161142.4007
Fund711,Private Equity,2036-09-30,2025-09-30,27728811.0,,,0.0,0.0,0.0
Fund712,Venture Capital,2034-09-30,2025-09-30,58320395.19,,,0.0,0.0,0.0
Fund713,Venture Capital,2028-12-31,2025-09-30,45664814.0,,,0.0,0.0,0.0
Fund714,Private Equity,2036-03-31,2025-09-30,44450404.0,,,0.0,0.0,0.0
Fund715,Private Equity,2028-12-31,2025-09-30,8499785.6,,,0.0,0.0,0.0
Fund716,Private Equity,2038-06-30,2025-09-30,0.0,,,0.0,0.0,0.0
Fund717,Other Private Debt,2028-03-31,2025-09-30,15066982.26,,,0.0,0.0,0.0
Fund718,Venture Capital,2027-09-30,2025-09-30,10849426.02,,,0.0,0.0,0.0
Fund719,Venture Capital,2030-09-30,2025-09-30,18371519.58,,,0.0,0.0,0.0
Fund72,Private Equity,2032-03-31,2025-09-30,73081706.0,,,0.0,0.0,0.0
Fund720,Venture Capital,2030-09-30,2025-09-30,26882732.0,,,0.0,0.0,0.0
Fund721,Private Equity,2037-12-31,2025-09-30,2706000.0,,,0.0,0.0,0.0
Fund722,Venture Capital,2033-03-31,2025-09-30,37881407.49,,,0.0,0.0,0.0
Fund723,Venture Capital,2034-03-31,2025-09-30,27428386.07,,,0.0,0.0,0.0
Fund724,Hybrid Debt-Equity,2030-09-30,2025-09-30,50516470.61,,,0.0,0.0,0.0
Fund725,Venture Capital,2033-03-31,2025-09-30,12511148.3,,,0.0,0.0,0.0
Fund726,Venture Capital,2028-06-30,2025-09-30,11529940.0,,,0.0,0.0,0.0
Fund727,Private Equity,2034-09-30,2025-09-30,12221431.13,,,0.0,0.0,0.0
Fund728,Private Equity,2029-03-31,2025-09-30,675951.0,,,0.0,0.0,0.0
Fund729,Venture Capital,2025-12-31,2025-09-30,390824.8635,,,0.0,0.0,0.0
Fund73,TTA,2039-03-31,2025-09-30,10680032.47,,,0.0,0.0,0.0
Fund730,Other Private Debt,2032-12-31,2025-09-30,22393696.72,,,0.0,0.0,0.0
Fund731,Venture Capital,2028-09-30,2025-09-30,25807488.07,,,0.0,0.0,0.0
Fund732,Venture Capital,2033-12-31,2025-09-30,17543400.15,,,0.0,0.0,0.0
Fund733,Venture Capital,2022-03-31,2023-09-30,30343.4009,0.0,,291.5744,0.0,0.0
Fund734,Venture Capital,2028-09-30,2025-09-30,13256949.85,,,0.0,0.0,0.0
Fund735,Venture Capital,2032-06-30,2025-09-30,34881758.0,,,0.0,0.0,0.0
Fund736,Private Equity,2030-03-31,2025-09-30,10839908.48,,,0.0,0.0,0.0
Fund737,Venture Capital,2038-06-30,2025-06-30,6664337.9,,,0.0,0.0,0.0
Fund738,Hybrid Debt-Equity,2029-06-30,2025-09-30,10192559.33,,,0.0,0.0,0.0
Fund739,Business Angels,2030-12-31,2025-09-30,1198174.42,,,0.0,0.0,0.0
Fund74,Hybrid Debt-Equity,2035-09-30,2025-09-30,21653117.9,,,0.0,0.0,0.0
Fund740,Venture Capital,2022-03-31,2025-09-30,150599.9173,141606.0055,133200.7952,0.0,0.0,0.0
Fund741,Private Equity,2033-12-31,2025-09-30,30547885.39,,,0.0,0.0,0.0
Fund742,Venture Capital,2026-12-31,2025-09-30,187911175.0,,,0.0,0.0,0.0
Fund743,Venture Capital,2035-06-30,2025-09-30,0.0,,,0.0,0.0,0.0
Fund744,Venture Capital,2029-06-30,2025-09-30,20820213.55,,,0.0,0.0,0.0
Fund745,Venture Capital,2030-09-30,2025-09-30,43792693.0,,,0.0,0.0,0.0
Fund746,Venture Capital,2035-06-30,2025-09-30,12572456.57,,,0.0,0.0,0.0
Fund747,Private Equity,2029-12-31,2025-09-30,17655750.44,,,0.0,0.0,0.0
Fund748,Private Equity,2034-09-30,2025-09-30,22323629.61,,,0.0,0.0,0.0
Fund749,Venture Capital,2028-03-31,2025-09-30,2474433.0,,,0.0,0.0,0.0
Fund75,TTA,2027-12-31,2025-09-30,15248073.8,,,0.0,0.0,0.0
Fund750,Venture Capital,2033-03-31,2025-09-30,13351351.3,,,0.0,0.0,0.0
Fund751,Hybrid Debt-Equity,2028-09-30,2025-09-30,7846120.0,,,0.0,0.0,0.0
Fund752,Private Equity,2035-12-31,2025-09-30,37080287.0,,,0.0,0.0,0.0
Fund753,Private Equity,2029-09-30,2025-09-30,8707380.838,,,0.0,0.0,0.0
Fund754,Venture Capital,2028-09-30,2025-09-30,42017834.0,,,0.0,0.0,0.0
Fund755,Private Equity,2037-12-31,2025-09-30,0.0,,,0.0,0.0,0.0
Fund756,Venture Capital,2034-03-31,2025-09-30,3039345.0,,,0.0,0.0,0.0
Fund757,Private Equity,2035-06-30,2025-09-30,15539065.0,,,0.0,0.0,0.0
Fund758,Venture Capital,2033-09-30,2025-09-30,25504895.07,,,0.0,0.0,0.0
Fund759,Private Equity,2026-09-30,2025-09-30,0.0,,,0.0,0.0,0.0
Fund76,Venture Capital,2029-06-30,2025-09-30,33146616.04,,,0.0,0.0,0.0
Fund760,Venture Capital,2029-09-30,2025-09-30,27022080.91,,,0.0,0.0,0.0
Fund761,Private Equity,2038-06-30,2025-09-30,0.0,,,0.0,0.0,0.0
Fund762,Private Equity,2030-03-31,2025-09-30,25213662.0,,,0.0,0.0,0.0
Fund763,Venture Capital,2034-06-30,2025-09-30,10241539.44,,,0.0,0.0,0.0
Fund764,Venture Capital,2027-09-30,2025-09-30,25584479.0,,,0.0,0.0,0.0
Fund765,Private Equity,2030-06-30,2025-09-30,21031487.59,,,0.0,0.0,0.0
Fund766,Venture Capital,2021-12-31,2025-06-30,30199000.0,5763000.0,6747000.0,22059480.549999997,3377601.3200000003,0.0
Fund767,Venture Capital,2032-09-30,2025-09-30,13554491.63,,,0.0,0.0,0.0
Fund768,Business Angels,2029-12-31,2025-09-30,1182017.2,,,0.0,0.0,0.0
Fund769,Venture Capital,2034-06-30,2025-09-30,20464881.23,,,0.0,0.0,0.0
Fund77,Venture Capital,2036-03-31,2025-09-30,0.0,,,0.0,0.0,0.0
Fund770,Hybrid Debt-Equity,2036-03-31,2025-09-30,18926266.57,,,0.0,0.0,0.0
Fund771,Venture Capital,2036-03-31,2025-09-30,5799674.84,,,0.0,0.0,0.0
Fund772,TTA,2028-03-31,2025-09-30,33461418.0,,,0.0,0.0,0.0
Fund773,Private Equity,2033-09-30,2025-09-30,21712526.0,,,0.0,0.0,0.0
Fund774,Hybrid Debt-Equity,2026-03-31,2023-12-31,0.0,,,0.0,0.0,0.0
Fund775,Business Angels,2031-09-30,2025-09-30,1828257.66,,,0.0,0.0,0.0
Fund776,Venture Capital,2032-12-31,2025-09-30,31386706.62,,,0.0,0.0,0.0
Fund777,Hybrid Debt-Equity,2028-09-30,2025-09-30,8724929.0,,,0.0,0.0,0.0
Fund778,Hybrid Debt-Equity,2028-12-31,2025-09-30,4457926.0,,,0.0,0.0,0.0
Fund779,Venture Capital,2027-03-31,2025-06-30,11149743.55,,,0.0,0.0,0.0
Fund78,Private Equity,2031-12-31,2025-09-30,49068420.84,,,0.0,0.0,0.0
Fund780,Private Equity,2038-09-30,2025-09-30,8751601.28,,,0.0,0.0,0.0
Fund781,Venture Capital,2037-06-30,2025-09-30,0.0,,,0.0,0.0,0.0
Fund782,Private Equity,2025-12-31,2025-09-30,18722.3846,,,0.0,0.0,0.0
Fund783,Private Equity,2029-06-30,2025-09-30,6752644.0,,,0.0,0.0,0.0
Fund784,Venture Capital,2035-12-31,2025-09-30,5268000.0,,,0.0,0.0,0.0
Fund785,Private Equity,2024-06-30,2024-12-31,0.0,,,0.0,0.0,0.0
Fund786,Venture Capital,2027-12-31,2025-09-30,89160562.0,,,0.0,0.0,0.0
Fund787,Venture Capital,2030-03-31,2025-09-30,34480948.0,,,0.0,0.0,0.0
Fund788,Private Equity,2037-03-31,2025-09-30,10494125.0,,,0.0,0.0,0.0
Fund789,Venture Capital,2029-09-30,2025-09-30,24089726.0,,,0.0,0.0,0.0
Fund79,Venture Capital,2035-09-30,2025-09-30,13759916.4,,,0.0,0.0,0.0
Fund790,Venture Capital,2031-09-30,2025-09-30,22795937.89,,,0.0,0.0,0.0
Fund791,Private Equity,2021-03-31,2019-12-31,0.0,,,0.0,0.0,0.0
Fund792,Venture Capital,2028-06-30,2025-09-30,25486872.0,,,0.0,0.0,0.0
Fund793,Business Angels,2028-09-30,2025-09-30,1907517.05,,,0.0,0.0,0.0
Fund794,Infrastructure,2035-06-30,2025-09-30,67773514.57,,,0.0,0.0,0.0
Fund795,Venture Capital,2025-12-31,2025-09-30,0.0,,,0.0,0.0,0.0
Fund796,Private Equity,2032-12-31,2025-09-30,19625179.81,,,0.0,0.0,0.0
Fund797,Venture Capital,2028-09-30,2025-09-30,33206332.0,,,0.0,0.0,0.0
Fund798,Venture Capital,2032-06-30,2025-09-30,36724859.99,,,0.0,0.0,0.0
Fund799,Venture Capital,2026-06-30,2025-06-30,1195991.1,,,0.0,0.0,0.0
Fund8,Private Equity,2037-03-31,2025-09-30,2446624.86,,,0.0,0.0,0.0
Fund80,Private Equity,2034-12-31,2025-09-30,39892667.34,,,0.0,0.0,0.0
Fund800,Hybrid Debt-Equity,2035-12-31,2025-09-30,0.0,,,0.0,0.0,0.0
Fund801,Venture Capital,2036-03-31,2025-09-30,2258982.07,,,0.0,0.0,0.0
Fund802,Private Equity,2038-03-31,2025-09-30,0.0,,,0.0,0.0,0.0
Fund803,Private Equity,2035-03-31,2025-09-30,12116624.54,,,0.0,0.0,0.0
Fund804,Private Equity,2035-03-31,2025-09-30,12944566.0,,,0.0,0.0,0.0
Fund805,Hybrid Debt-Equity,2024-03-31,2025-09-30,0.0,0.0,,0.0,0.0,0.0
Fund806,Venture Capital,2026-06-30,2025-09-30,57664966.0,,,0.0,0.0,0.0
Fund807,Venture Capital,2035-06-30,2025-09-30,0.0,,,0.0,0.0,0.0
Fund808,Venture Capital,2032-03-31,2025-09-30,24773374.39,,,0.0,0.0,0.0
Fund809,Venture Capital,2027-12-31,2025-09-30,49856327.0,,,0.0,0.0,0.0
Fund81,Venture Capital,2030-09-30,2025-09-30,13300700.85,,,0.0,0.0,0.0
Fund810,Venture Capital,2029-12-31,2025-09-30,1564792.0,,,0.0,0.0,0.0
Fund811,Special Structure/ FoF,2028-09-30,2025-09-30,678.08,,,0.0,0.0,0.0
Fund812,Private Equity,2029-09-30,2025-09-30,3960023.57,,,0.0,0.0,0.0
Fund813,Venture Capital,2034-12-31,2025-09-30,5401152.96,,,0.0,0.0,0.0
Fund814,Venture Capital,2029-03-31,2025-09-30,18053861.93,,,0.0,0.0,0.0
Fund815,Private Equity,2031-12-31,2025-09-30,31610830.05,,,0.0,0.0,0.0
Fund816,Venture Capital,2019-12-31,2025-09-30,6242183.55,2911576.889,3327673.495,0.0,0.0,0.0
Fund817,Private Equity,2029-06-30,2025-09-30,6284445.0,,,0.0,0.0,0.0
Fund818,Venture Capital,2034-09-30,2025-09-30,34115491.67,,,0.0,0.0,0.0
Fund819,Private Equity,2025-09-30,2025-09-30,1092902.85,,,0.0,0.0,0.0
Fund82,Business Angels,2030-09-30,2025-09-30,5736967.13,,,0.0,0.0,0.0
Fund820,Private Equity,2036-09-30,2025-09-30,9996734.33,,,0.0,0.0,0.0
Fund821,Private Equity,2037-12-31,2025-09-30,2766490.4,,,0.0,0.0,0.0
Fund822,Hybrid Debt-Equity,2031-06-30,2025-09-30,30971376.63,,,0.0,0.0,0.0
Fund823,Venture Capital,2031-06-30,2025-09-30,28340443.0,,,0.0,0.0,0.0
Fund824,Private Equity,2035-12-31,2025-09-30,5280677.0,,,0.0,0.0,0.0
Fund825,Hybrid Debt-Equity,2022-09-30,2024-12-31,0.0,0.0,0.0,0.0,0.0,0.0
Fund826,TTA,2029-12-31,2025-09-30,7376382.233,,,0.0,0.0,0.0
Fund827,Venture Capital,2033-06-30,2025-09-30,7531178.16,,,0.0,0.0,0.0
Fund828,Venture Capital,2035-06-30,2025-09-30,5304991.0,,,0.0,0.0,0.0
Fund829,Venture Capital,2028-03-31,2025-09-30,11803719.12,,,0.0,0.0,0.0
Fund83,Venture Capital,2033-09-30,2025-09-30,20580360.0,,,0.0,0.0,0.0
Fund830,Venture Capital,2027-09-30,2025-09-30,2311111.631,,,0.0,0.0,0.0
Fund831,Venture Capital,2019-03-31,2023-09-30,1288156.18,1319421.56,1246748.54,0.0,0.0,0.0
Fund832,Hybrid Debt-Equity,2031-09-30,2025-09-30,23377004.07,,,0.0,0.0,0.0
Fund833,Private Equity,2033-09-30,2025-09-30,19423784.0,,,0.0,0.0,0.0
Fund834,Special Structure/ FoF,2030-06-30,2025-09-30,16696621.06,,,0.0,0.0,0.0
Fund835,Venture Capital,2032-03-31,2025-09-30,46498748.42,,,0.0,0.0,0.0
Fund836,Private Equity,2032-06-30,2025-09-30,37385179.96,,,0.0,0.0,0.0
Fund837,Private Equity,2029-12-31,2025-09-30,15925436.59,,,0.0,0.0,0.0
Fund838,Hybrid Debt-Equity,2026-03-31,2025-09-30,53110.0,,,0.0,0.0,0.0
Fund839,Private Equity,2029-06-30,2025-09-30,2434717.709,,,0.0,0.0,0.0
Fund84,Venture Capital,2034-03-31,2025-09-30,21117771.83,,,0.0,0.0,0.0
Fund840,Private Equity,2028-06-30,2025-09-30,15509266.28,,,0.0,0.0,0.0
Fund841,Venture Capital,2028-03-31,2025-09-30,67688291.17,,,0.0,0.0,0.0
Fund842,Hybrid Debt-Equity,2024-12-31,2025-09-30,1097963.0,,,0.0,0.0,0.0
Fund843,Infrastructure,2035-03-31,2025-09-30,22031434.0,,,0.0,0.0,0.0
Fund844,Venture Capital,2035-06-30,2025-09-30,15061688.88,,,0.0,0.0,0.0
Fund845,Private Equity,2027-06-30,2025-09-30,6666052.0,,,0.0,0.0,0.0
Fund846,Private Equity,2034-03-31,2025-09-30,25385143.0,,,0.0,0.0,0.0
Fund847,Private Equity,2031-12-31,2025-09-30,6534614.87,,,0.0,0.0,0.0
Fund848,Business Angels,2029-09-30,2025-09-30,2130271.14,,,0.0,0.0,0.0
Fund849,Private Equity,2035-12-31,2025-09-30,6068878.42,,,0.0,0.0,0.0
Fund85,Hybrid Debt-Equity,2027-12-31,2025-09-30,21146452.67,,,0.0,0.0,0.0
Fund850,Private Equity,2029-06-30,2025-09-30,5878095.672,,,0.0,0.0,0.0
Fund851,Venture Capital,2030-03-31,2025-09-30,29905.0,,,0.0,0.0,0.0
Fund852,Private Equity,2022-09-30,2019-12-31,0.0,,,0.0,0.0,0.0
Fund853,Private Equity,2029-09-30,2025-09-30,4059704.0,,,0.0,0.0,0.0
Fund854,Venture Capital,2028-06-30,2025-09-30,1964170.0,,,0.0,0.0,0.0
Fund855,Private Equity,2034-06-30,2025-09-30,22066868.0,,,0.0,0.0,0.0
Fund856,Private Equity,2028-09-30,2025-09-30,7564971.0,,,0.0,0.0,0.0
Fund857,Infrastructure,2037-03-31,2025-09-30,0.0,,,0.0,0.0,0.0
Fund858,Hybrid Debt-Equity,2027-09-30,2025-09-30,986756.727,,,0.0,0.0,0.0
Fund859,Private Equity,2037-06-30,2025-09-30,8718600.0,,,0.0,0.0,0.0
Fund86,Venture Capital,2032-12-31,2025-09-30,13389773.0,,,0.0,0.0,0.0
Fund860,Venture Capital,2030-09-30,2025-09-30,29960079.09,,,0.0,0.0,0.0
Fund861,Private Equity,2032-03-31,2025-09-30,35847702.45,,,0.0,0.0,0.0
Fund862,Venture Capital,2037-06-30,2025-09-30,0.0,,,0.0,0.0,0.0
Fund863,Business Angels,2031-06-30,2025-09-30,1788514.85,,,0.0,0.0,0.0
Fund864,Venture Capital,2028-03-31,2025-09-30,77709712.14,,,0.0,0.0,0.0
Fund865,Private Equity,2030-12-31,2025-09-30,7082896.0,,,0.0,0.0,0.0
Fund866,Venture Capital,2031-06-30,2025-09-30,61339835.51,,,0.0,0.0,0.0
Fund867,Private Equity,2033-09-30,2025-09-30,18103335.04,,,0.0,0.0,0.0
Fund868,TTA,2034-06-30,2025-09-30,7589426.0,,,0.0,0.0,0.0
Fund869,Business Angels,2028-06-30,2025-09-30,720605.68,,,0.0,0.0,0.0
Fund87,Private Equity,2029-03-31,2025-09-30,926737.101,,,0.0,0.0,0.0
Fund870,Private Equity,2031-06-30,2025-09-30,76095204.84,,,0.0,0.0,0.0
Fund871,Venture Capital,2031-06-30,2025-09-30,28885527.0,,,0.0,0.0,0.0
Fund872,Venture Capital,2034-09-30,2025-09-30,130557799.3,,,0.0,0.0,0.0
Fund873,Business Angels,2028-12-31,2025-09-30,2252925.47,,,0.0,0.0,0.0
Fund874,Venture Capital,2033-09-30,2025-09-30,17220713.86,,,0.0,0.0,0.0
Fund875,Venture Capital,2034-03-31,2025-09-30,33634335.0,,,0.0,0.0,0.0
Fund876,Private Equity,2030-06-30,2025-09-30,38539922.57,,,0.0,0.0,0.0
Fund877,Hybrid Debt-Equity,2029-03-31,2025-09-30,4076139.4,,,0.0,0.0,0.0
Fund878,Private Equity,2031-03-31,2025-09-30,24972023.0,,,0.0,0.0,0.0
Fund879,Venture Capital,2031-09-30,2025-09-30,22935469.97,,,0.0,0.0,0.0
Fund88,Business Angels,2030-06-30,2025-09-30,1553199.98,,,0.0,0.0,0.0
Fund880,Private Equity,2037-09-30,2025-09-30,8946292.83,,,0.0,0.0,0.0
Fund881,Private Equity,2024-09-30,2025-09-30,3410354.48,1616523.5,,0.0,0.0,0.0
Fund882,Private Equity,2027-09-30,2025-09-30,12822383.0,,,0.0,0.0,0.0
Fund883,Private Equity,2031-06-30,2025-06-30,23770584.0,,,0.0,0.0,0.0
Fund884,Venture Capital,2032-09-30,2025-09-30,1628057.29,,,0.0,0.0,0.0
Fund885,Venture Capital,2038-06-30,2025-03-31,11906829.0,,,0.0,0.0,0.0
Fund886,Venture Capital,2033-06-30,2025-09-30,17981409.23,,,0.0,0.0,0.0
Fund887,Venture Capital,2032-03-31,2025-09-30,30059424.77,,,0.0,0.0,0.0
Fund888,Private Equity,2023-06-30,2025-09-30,467666.0,474470.0,172951.0,0.0,473660.0,0.0
Fund889,Private Equity,2029-09-30,2025-09-30,12016571.0,,,0.0,0.0,0.0
Fund89,Venture Capital,2033-06-30,2025-09-30,19513978.39,,,0.0,0.0,0.0
Fund890,Other Private Debt,2031-03-31,2025-09-30,22480148.16,,,0.0,0.0,0.0
Fund891,TTA,2028-03-31,2025-09-30,10706274.62,,,0.0,0.0,0.0
Fund892,Private Equity,2037-06-30,2025-09-30,23595025.88,,,0.0,0.0,0.0
Fund893,Business Angels,2025-09-30,2025-09-30,919757.39,,,0.0,0.0,0.0
Fund894,Venture Capital,2032-06-30,2025-06-30,13591580.0,,,0.0,0.0,0.0
Fund895,Private Equity,2033-03-31,2025-09-30,18482522.93,,,0.0,0.0,0.0
Fund896,Private Equity,2029-09-30,2025-09-30,12637892.71,,,0.0,0.0,0.0
Fund897,Private Equity,2024-03-31,2025-09-30,4009423.89,3575582.0,,485789.53,0.0,0.0
Fund898,Venture Capital,2032-03-31,2025-09-30,24488887.59,,,0.0,0.0,0.0
Fund899,Venture Capital,2028-03-31,2025-09-30,20530979.0,,,0.0,0.0,0.0
Fund9,Private Equity,2032-09-30,2025-09-30,51650310.45,,,0.0,0.0,0.0
Fund90,Business Angels,2029-09-30,2025-09-30,1686278.37,,,0.0,0.0,0.0
Fund900,TTA,2028-09-30,2025-09-30,3810499.0,,,0.0,0.0,0.0
Fund901,Venture Capital,2027-06-30,2025-09-30,28010398.15,,,0.0,0.0,0.0
Fund902,Private Equity,2029-03-31,2025-09-30,18107809.64,,,0.0,0.0,0.0
Fund903,Venture Capital,2029-12-31,2025-09-30,56199428.37,,,0.0,0.0,0.0
Fund904,Private Equity,2031-03-31,2025-09-30,25753556.55,,,0.0,0.0,0.0
Fund905,Venture Capital,2035-09-30,2025-09-30,4685670.0,,,0.0,0.0,0.0
Fund906,Private Equity,2019-12-31,2024-12-31,294563.0,554339.97,0.0,0.0,921552.93,0.0
Fund907,Other Private Debt,2037-03-31,2025-09-30,0.0,,,0.0,0.0,0.0
Fund908,Venture Capital,2028-03-31,2025-09-30,66526013.0,,,0.0,0.0,0.0
Fund909,Private Equity,2027-06-30,2025-09-30,284155.8023,,,0.0,0.0,0.0
Fund91,Venture Capital,2028-12-31,2025-09-30,144129738.0,,,0.0,0.0,0.0
Fund910,TTA,2036-06-30,2025-09-30,1976771.1,,,0.0,0.0,0.0
Fund911,Business Angels,2029-09-30,2025-09-30,4435007.02,,,0.0,0.0,0.0
Fund912,Private Equity,2030-06-30,2025-09-30,31542116.96,,,0.0,0.0,0.0
Fund913,Venture Capital,2033-06-30,2025-09-30,53965183.65,,,0.0,0.0,0.0
Fund914,Hybrid Debt-Equity,2027-06-30,2025-09-30,12608164.64,,,0.0,0.0,0.0
Fund915,Hybrid Debt-Equity,2028-12-31,2025-09-30,15237461.13,,,0.0,0.0,0.0
Fund916,Hybrid Debt-Equity,2032-12-31,2025-09-30,37005920.35,,,0.0,0.0,0.0
Fund917,Venture Capital,2032-03-31,2025-09-30,13592876.76,,,0.0,0.0,0.0
Fund918,Venture Capital,2037-03-31,2025-09-30,0.0,,,0.0,0.0,0.0
Fund919,Private Equity,2038-03-31,2025-09-30,0.0,,,0.0,0.0,0.0
Fund92,Venture Capital,2029-12-31,2025-09-30,96175499.71,,,0.0,0.0,0.0
Fund920,Business Angels,2028-12-31,2025-09-30,0.0,,,0.0,0.0,0.0
Fund921,Private Equity,2034-12-31,2025-09-30,26404708.14,,,0.0,0.0,0.0
Fund922,Private Equity,2031-09-30,2025-09-30,54816354.0,,,0.0,0.0,0.0
Fund923,Venture Capital,2029-03-31,2025-06-30,51173.18,,,0.0,0.0,0.0
Fund924,Venture Capital,2029-06-30,2025-09-30,33370239.0,,,0.0,0.0,0.0
Fund925,Other Private Debt,2031-09-30,2025-09-30,19110874.3,,,0.0,0.0,0.0
Fund926,Venture Capital,2029-12-31,2025-09-30,39468180.0,,,0.0,0.0,0.0
Fund927,Business Angels,2030-09-30,2025-09-30,667748.01,,,0.0,0.0,0.0
Fund928,Business Angels,2028-12-31,2025-09-30,2474490.07,,,0.0,0.0,0.0
Fund929,Private Equity,2036-06-30,2025-09-30,1660153.5,,,0.0,0.0,0.0
Fund93,Venture Capital,2034-03-31,2025-09-30,16676215.0,,,0.0,0.0,0.0
Fund930,Venture Capital,2030-09-30,2025-09-30,11103045.17,,,0.0,0.0,0.0
Fund931,Venture Capital,2029-09-30,2025-09-30,28923843.0,,,0.0,0.0,0.0
Fund932,Private Equity,2029-06-30,2025-09-30,5994271.186,,,0.0,0.0,0.0
Fund933,Hybrid Debt-Equity,2028-06-30,2025-09-30,18014556.0,,,0.0,0.0,0.0
Fund934,Private Equity,2029-03-31,2025-09-30,26135484.6,,,0.0,0.0,0.0
Fund935,Private Equity,2033-09-30,2025-09-30,35094675.46,,,0.0,0.0,0.0
Fund936,Private Equity,2037-06-30,2025-09-30,651147.75,,,0.0,0.0,0.0
Fund937,Venture Capital,2036-03-31,2025-09-30,14500000.0,,,0.0,0.0,0.0
Fund938,Infrastructure,2034-06-30,2025-09-30,56326464.62,,,0.0,0.0,0.0
Fund939,Private Equity,2032-09-30,2025-09-30,24989739.91,,,0.0,0.0,0.0
Fund94,Private Equity,2036-06-30,2025-09-30,17533507.37,,,0.0,0.0,0.0
Fund940,Private Equity,2031-06-30,2025-09-30,9844756.65,,,0.0,0.0,0.0
Fund941,Private Equity,2034-06-30,2025-09-30,33383954.59,,,0.0,0.0,0.0
Fund942,Hybrid Debt-Equity,2028-03-31,2025-09-30,1263938.57,,,0.0,0.0,0.0
Fund943,Private Equity,2031-06-30,2025-09-30,38416222.09,,,0.0,0.0,0.0
Fund944,Private Equity,2030-06-30,2025-09-30,2167790.0,,,0.0,0.0,0.0
Fund945,Venture Capital,2036-06-30,2025-09-30,0.0,,,0.0,0.0,0.0
Fund946,Private Equity,2030-12-31,2025-09-30,10007100.0,,,0.0,0.0,0.0
Fund947,Hybrid Debt-Equity,2033-03-31,2025-09-30,36764321.56,,,0.0,0.0,0.0
Fund948,Venture Capital,2035-03-31,2025-09-30,7713283.01,,,0.0,0.0,0.0
Fund949,Private Equity,2036-12-31,2025-09-30,6352495.88,,,0.0,0.0,0.0
Fund95,Private Equity,2034-09-30,2025-09-30,7593872.61,,,0.0,0.0,0.0
Fund950,Private Equity,2036-06-30,2025-09-30,7855709.24,,,0.0,0.0,0.0
Fund951,Infrastructure,2034-06-30,2025-09-30,32380595.97,,,0.0,0.0,0.0
Fund952,Private Equity,2029-09-30,2025-09-30,23945794.0,,,0.0,0.0,0.0
Fund953,Hybrid Debt-Equity,2025-03-31,2025-09-30,4303783.52,,,0.0,0.0,0.0
Fund954,TTA,2028-12-31,2025-09-30,5088757.14,,,0.0,0.0,0.0
Fund955,Private Equity,2033-03-31,2025-09-30,24693701.0,,,0.0,0.0,0.0
Fund956,Venture Capital,2030-09-30,2025-09-30,24435949.93,,,0.0,0.0,0.0
Fund957,Venture Capital,2028-06-30,2025-09-30,95304692.0,,,0.0,0.0,0.0
Fund958,Private Equity,2028-03-31,2025-09-30,350595.0,,,0.0,0.0,0.0
Fund959,Venture Capital,2027-03-31,2025-09-30,26193966.95,,,0.0,0.0,0.0
Fund96,Venture Capital,2028-03-31,2025-09-30,66635666.5,,,0.0,0.0,0.0
Fund960,Private Equity,2032-12-31,2025-09-30,68778811.97,,,0.0,0.0,0.0
Fund961,Other Private Debt,2031-12-31,2025-09-30,26268226.77,,,0.0,0.0,0.0
Fund962,Venture Capital,2036-06-30,2025-09-30,3503863.58,,,0.0,0.0,0.0
Fund963,Venture Capital,2033-12-31,2025-09-30,16648774.0,,,0.0,0.0,0.0
Fund964,Private Equity,2030-09-30,2025-09-30,33519749.62,,,0.0,0.0,0.0
Fund965,Private Equity,2029-12-31,2025-09-30,11279933.61,,,0.0,0.0,0.0
Fund966,Private Equity,2029-03-31,2025-09-30,11223378.0,,,0.0,0.0,0.0
Fund967,Other Private Debt,2030-12-31,2025-09-30,43550248.0,,,0.0,0.0,0.0
Fund968,Venture Capital,2036-06-30,2025-09-30,1541285.383,,,0.0,0.0,0.0
Fund969,Venture Capital,2035-03-31,2025-09-30,9936730.64,,,0.0,0.0,0.0
Fund97,Venture Capital,2036-03-31,2025-09-30,0.0,,,0.0,0.0,0.0
Fund970,Private Equity,2030-06-30,2024-12-31,149849.82,,,0.0,0.0,0.0
Fund971,Private Equity,2030-09-30,2025-06-30,14041230.0,,,0.0,0.0,0.0
Fund972,Venture Capital,2036-09-30,2025-09-30,8396438.0,,,0.0,0.0,0.0
Fund973,Private Equity,2033-03-31,2025-09-30,33942743.84,,,0.0,0.0,0.0
Fund974,Other Private Debt,2028-09-30,2025-09-30,25111704.66,,,0.0,0.0,0.0
Fund975,Private Equity,2029-09-30,2025-09-30,16418489.56,,,0.0,0.0,0.0
Fund976,Venture Capital,2032-09-30,2025-09-30,18417363.68,,,0.0,0.0,0.0
Fund977,Venture Capital,2033-09-30,2025-09-30,22328514.0,,,0.0,0.0,0.0
Fund978,Venture Capital,2028-09-30,2025-09-30,23246956.99,,,0.0,0.0,0.0
Fund979,Venture Capital,2032-03-31,2025-09-30,22723144.13,,,0.0,0.0,0.0
Fund98,Hybrid Debt-Equity,2036-09-30,2025-09-30,8707870.82,,,0.0,0.0,0.0
Fund980,Venture Capital,2035-03-31,2025-09-30,4835180.39,,,0.0,0.0,0.0
Fund981,Business Angels,2031-12-31,2025-09-30,5354640.79,,,0.0,0.0,0.0
Fund982,Special Structure/ FoF,2024-09-30,2025-09-30,36510751.0,30258722.0,,3562876.66,0.0,0.0
Fund983,Venture Capital,2034-06-30,2025-09-30,14954721.53,,,0.0,0.0,0.0
Fund984,Private Equity,2031-06-30,2025-09-30,27138869.76,,,0.0,0.0,0.0
Fund985,Venture Capital,2034-06-30,2025-09-30,20038663.43,,,0.0,0.0,0.0
Fund986,Venture Capital,2034-12-31,2025-09-30,20444740.0,,,0.0,0.0,0.0
Fund987,Venture Capital,2032-12-31,2025-09-30,15581140.0,,,0.0,0.0,0.0
Fund988,Venture Capital,2033-06-30,2025-09-30,11915788.85,,,0.0,0.0,0.0
Fund989,Hybrid Debt-Equity,2029-09-30,2025-09-30,45114603.1,,,0.0,0.0,0.0
Fund99,Venture Capital,2027-12-31,2025-06-30,10908876.0,,,0.0,0.0,0.0
Fund990,Venture Capital,2035-03-31,2025-09-30,16257210.85,,,0.0,0.0,0.0
Fund991,Venture Capital,2035-06-30,2025-09-30,12339851.0,,,0.0,0.0,0.0
Fund992,Business Angels,2031-09-30,2025-09-30,16864112.44,,,0.0,0.0,0.0
Fund993,Private Equity,2030-12-31,2025-09-30,11827480.0,,,0.0,0.0,0.0
Fund994,Venture Capital,2028-06-30,2025-09-30,39453286.14,,,0.0,0.0,0.0
Fund995,Private Equity,2031-03-31,2025-09-30,52278626.97,,,0.0,0.0,0.0
Fund996,Venture Capital,2033-09-30,2025-09-30,10599117.35,,,0.0,0.0,0.0
Fund997,Private Equity,2033-12-31,2025-09-30,20333193.0,,,0.0,0.0,0.0
Fund998,Venture Capital,2031-09-30,2025-09-30,69884806.0,,,0.0,0.0,0.0
Fund999,Private Equity,2030-06-30,2025-09-30,1430094.0,,,0.0,0.0,0.0
