Adj Strategy,Grade,life_phase,n_obs,n_rep_gate,n_rep_pos,n_draw_pos,rep_p_mult,rep_ratio_mult,draw_p_mult,draw_ratio_mult,omega_bump,nav_floor_ratio,p_value_rep_prob,p_value_rep_ratio,p_value_draw_prob,p_value_draw_ratio,p_value_omega
ALL,ALL,far,23692,19391,3547,12526,0.9330388444852957,0.972641813991309,1.079042227422505,1.045244542450326,0.02686911228642386,0.0,,,,,
ALL,ALL,final,260,239,37,11,1.0,1.0,0.9867920967195793,1.0,-0.0024333555714762603,0.5788636394620676,,,,,
ALL,ALL,late,1158,1105,287,166,1.0522802379556917,1.0180152437885617,0.9208114486312808,0.9866078582858727,-0.017664166555946995,0.651186881283619,,,,,
ALL,ALL,mid,5355,5306,1472,1624,1.1454005972881631,1.0128618130420006,0.8847510361601671,0.8975015819474678,-0.044107735203960476,0.0,,,,,
ALL,ALL,post_0_4,194,172,22,4,0.9966857388047302,1.0,0.9944106322196001,1.0,-0.000675781940637236,0.509988175023503,,,,,
ALL,ALL,post_12p,48,27,5,0,1.0,1.0,1.0,1.0,0.0,0.7112196319319608,,,,,
ALL,ALL,post_5_8,98,85,6,1,1.0,1.0,1.0,1.0,0.0,0.5362648431280983,,,,,
ALL,ALL,post_9_12,52,40,3,2,1.0,1.0,1.0,1.0,0.0,0.5560568009248902,,,,,
Business Angels,A,far,359,268,45,212,1.0,1.0,1.0,1.0,0.0,0.0,0.9648185345264568,0.8728855585399253,0.4715329124339991,0.6409785662840094,0.2622992591156371
Business Angels,A,final,8,8,0,0,1.0,1.0,1.0,1.0,0.0,0.42375299,,,,,
Business Angels,A,late,2,2,1,0,1.0,1.0,1.0,1.0,0.0,1.36076947,0.2159466990173473,1.0,0.10817698364008344,1.0,1.0
Business Angels,A,mid,55,49,8,23,1.0,1.0,0.9832922732362822,0.9888000769929153,-0.007012164770738104,0.0,0.9166033125170301,0.5710324631680204,0.039914524806060614,0.006373040097991496,1.1139999648099664e-05
Business Angels,A,post_0_4,6,6,1,0,1.0,1.0,1.0,1.0,0.0,0.658295105,,,,,
Business Angels,A,post_12p,48,27,5,0,1.0,1.0,1.0,1.0,0.0,0.7112196319319608,,,,,
Business Angels,A,post_5_8,3,3,0,0,1.0,1.0,1.0,1.0,0.0,0.675768256,,,,,
Business Angels,A,post_9_12,52,40,3,2,1.0,1.0,1.0,1.0,0.0,0.5560568009248902,,,,,
Business Angels,B,far,589,450,28,247,1.0,1.0,1.0,1.0,0.009182913327015393,0.0,0.5566186921792451,0.7694761985620154,0.17311182168761485,0.566915297317039,0.08622078107530934
Business Angels,B,final,8,8,0,0,1.0,1.0,1.0,1.0,0.0,0.42375299,,,,,
Business Angels,B,late,10,10,0,2,1.0,1.0,1.0,1.0,0.0,0.675768256,0.3803190398578391,1.0,0.23866792882526222,1.0,7.83226076804147e-12
Business Angels,B,mid,97,91,11,20,1.0,0.9904004028971461,0.9502140551114205,0.9821055782942589,-0.01120123586003402,0.0,0.10465834287363984,0.04018888995447374,0.0007188259475345848,4.54546307148316e-12,2.848035515219418e-08
Business Angels,B,post_0_4,5,5,1,0,1.0,1.0,1.0,1.0,0.0,0.675768256,0.2707719780315887,1.0,0.07933226945012839,1.0,1.0
Business Angels,B,post_12p,48,27,5,0,1.0,1.0,1.0,1.0,0.0,0.7112196319319608,,,,,
Business Angels,B,post_5_8,3,3,0,0,1.0,1.0,1.0,1.0,0.0,0.675768256,0.6306955023665917,1.0,0.17374651011962605,1.0,1.0
Business Angels,B,post_9_12,52,40,3,2,1.0,1.0,1.0,1.0,0.0,0.5560568009248902,,,,,
Business Angels,C,far,390,303,34,169,1.0,1.0,1.0,1.0,0.0,0.0,0.3039218449739485,0.6651840798828199,0.12565830872581074,0.6680540232823287,0.17188361619480727
Business Angels,C,final,4,4,0,0,1.0,1.0,1.0,1.0,0.0,0.57092935,0.5307523656787532,1.0,0.11553196745369365,1.0,1.0
Business Angels,C,late,25,25,1,6,1.0,1.0,1.0,1.0,0.0,0.57092935,0.39217637583803766,1.0,0.14779056106673671,1.0,0.5319232552998202
Business Angels,C,mid,125,125,6,34,1.0,1.0,0.9607138238717186,1.0,-0.006315535883590373,0.0,0.13071761054126352,1.0,0.019373193240184827,0.10589553779404945,0.011980399256387862
Business Angels,C,post_0_4,1,1,0,0,1.0,1.0,1.0,1.0,0.0,0.57092935,0.7538789705078053,1.0,0.43055867853718244,1.0,1.0
Business Angels,C,post_12p,48,27,5,0,1.0,1.0,1.0,1.0,0.0,0.7112196319319608,,,,,
Business Angels,C,post_5_8,3,3,0,0,1.0,1.0,1.0,1.0,0.0,0.675768256,,,,,
Business Angels,C,post_9_12,52,40,3,2,1.0,1.0,1.0,1.0,0.0,0.5560568009248902,,,,,
Business Angels,D,far,25,18,2,2,1.0,1.0,1.0,1.0,0.0,0.0,0.3900118907378609,1.0,0.4856276232909351,1.0,0.786132857085476
Business Angels,D,final,4,4,0,0,1.0,1.0,1.0,1.0,0.0,0.27657663,0.6260268879617588,1.0,0.4409275602251026,1.0,1.0
Business Angels,D,late,9,1,0,0,1.0,1.0,1.0,1.0,0.0,0.27657663,0.8073126229180887,1.0,0.24891885978343353,1.0,1.0
Business Angels,D,mid,93,66,3,15,1.0,1.0,1.0,1.0,0.0,0.0,0.7653785148384293,1.0,0.506509816500595,0.8355590847965291,0.9681065705911622
Business Angels,D,post_0_4,6,6,1,0,1.0,1.0,1.0,1.0,0.0,0.658295105,,,,,
Business Angels,D,post_12p,48,27,5,0,1.0,1.0,1.0,1.0,0.0,0.7112196319319608,,,,,
Business Angels,D,post_5_8,3,3,0,0,1.0,1.0,1.0,1.0,0.0,0.675768256,,,,,
Business Angels,D,post_9_12,52,40,3,2,1.0,1.0,1.0,1.0,0.0,0.5560568009248902,,,,,
Hybrid Debt-Equity,A,far,334,274,103,178,1.0,0.9670098054484677,1.086111111111111,1.0,0.022535971361551593,0.0,0.7435727885439407,0.029580479791437596,0.0006708548262066572,0.5353319245809834,6.928854364548816e-05
Hybrid Debt-Equity,A,final,8,8,1,0,1.0,1.0,1.0,1.0,0.0,0.5239092138333333,0.12923822672649443,1.0,0.01847197744222817,1.0,0.012290086404572327
Hybrid Debt-Equity,A,late,24,24,12,1,1.0,1.0,1.0,1.0,0.0,0.5239092138333333,0.27567958685904825,0.04942389177905289,0.00028726901931985793,1.0,0.0020619028846196887
Hybrid Debt-Equity,A,mid,115,115,49,21,1.0,1.0,0.9299726775956284,0.9853315108237879,-0.015981179617986164,0.0,0.4615948368894536,0.1909023285909147,4.377557881296568e-06,0.00017195785981343845,8.724181059442487e-08
Hybrid Debt-Equity,A,post_0_4,4,4,0,0,1.0,1.0,1.0,1.0,0.0,0.5239092138333333,0.11215929998619201,1.0,0.09479527232559182,1.0,1.0
Hybrid Debt-Equity,A,post_12p,48,27,5,0,1.0,1.0,1.0,1.0,0.0,0.7112196319319608,,,,,
Hybrid Debt-Equity,A,post_5_8,7,1,0,0,1.0,1.0,1.0,1.0,0.0,0.1226258509675526,,,,,
Hybrid Debt-Equity,A,post_9_12,1,0,0,0,1.0,1.0,1.0,1.0,0.0,0.017895773504573623,,,,,
Hybrid Debt-Equity,B,far,754,620,284,357,1.0,0.9315432520286493,1.0982230462428484,1.0,0.02612805971644906,0.0,0.6569039199322311,0.013619256323643247,0.0007820973830954259,0.3575824433954573,7.390938218164739e-05
Hybrid Debt-Equity,B,final,8,4,2,0,1.0,1.0,1.0,1.0,0.0,0.384451044625,0.8298759724049807,1.0,0.022978099870444524,1.0,1.0
Hybrid Debt-Equity,B,late,32,31,10,2,1.0,1.0308420852395384,0.967643278750952,1.0,-0.006125840097049914,0.37846830436538464,0.17226120474209883,0.026611597484310655,0.00014782676229008196,1.0,0.0004356714246624775
Hybrid Debt-Equity,B,mid,222,220,96,45,1.0,1.0498260936120158,0.8946009571602953,0.9636475964924908,-0.027872484038310743,0.0,0.7873592323099268,0.014353231635173245,7.527279777264084e-08,8.056211126341483e-09,3.575061850701463e-12
Hybrid Debt-Equity,B,post_0_4,8,3,0,0,1.0,1.0,1.0,1.0,0.0,0.384451044625,0.12032194381923977,1.0,0.022978099870444524,1.0,1.0
Hybrid Debt-Equity,B,post_12p,48,27,5,0,1.0,1.0,1.0,1.0,0.0,0.7112196319319608,,,,,
Hybrid Debt-Equity,B,post_5_8,2,0,0,0,1.0,1.0,1.0,1.0,0.0,0.384451044625,1.0,1.0,0.25468943873801164,1.0,1.0
Hybrid Debt-Equity,B,post_9_12,1,0,0,0,1.0,1.0,1.0,1.0,0.0,0.017895773504573623,,,,,
Hybrid Debt-Equity,C,far,369,286,147,183,1.0,0.943342856658379,1.056051521877579,1.0,0.022012171703291627,0.0,0.8691392509201457,0.020205689438957262,0.026140950133281216,0.2026537774377606,8.33401085937861e-05
Hybrid Debt-Equity,C,final,1,1,0,0,1.0,1.0,1.0,1.0,0.0,0.21082219645329037,0.310350685818813,1.0,0.39399232042559484,1.0,1.0
Hybrid Debt-Equity,C,late,50,45,18,8,1.0,1.044773519724383,0.9635242290748899,0.9908695280147397,-0.010169850199941063,0.20231030343565454,0.16800962732425462,0.008334842883649997,0.0003093038180927987,1.293490650868401e-09,1.9287524699418303e-05
Hybrid Debt-Equity,C,mid,119,119,64,36,1.0,1.0,0.9635257630157277,0.9583188498614394,-0.015195645267757069,0.0,0.5595608363254052,0.34418219067285927,0.01679835323440715,7.270869938169533e-15,2.4229677086427876e-08
Hybrid Debt-Equity,C,post_0_4,22,12,0,0,1.0,1.0,1.0,1.0,0.0,0.243191043062685,,,,,
Hybrid Debt-Equity,C,post_12p,48,27,5,0,1.0,1.0,1.0,1.0,0.0,0.7112196319319608,,,,,
Hybrid Debt-Equity,C,post_5_8,7,1,0,0,1.0,1.0,1.0,1.0,0.0,0.1226258509675526,,,,,
Hybrid Debt-Equity,C,post_9_12,1,0,0,0,1.0,1.0,1.0,1.0,0.0,0.017895773504573623,,,,,
Hybrid Debt-Equity,D,far,5,5,3,0,1.0,1.0,1.0,1.0,0.0,0.0,0.4286620015690432,1.0,0.2634255242015029,1.0,1.0
Hybrid Debt-Equity,D,final,8,4,1,0,1.0,1.0,1.0,1.0,0.0,0.017895773504573623,0.5035039017284504,1.0,0.15863575709892963,1.0,1.0
Hybrid Debt-Equity,D,late,29,23,11,8,1.0,1.0,1.0,1.0,0.0,0.017895773504573623,0.6158969544201933,0.6182938136128492,0.40167936101672286,0.29747738811138874,0.6067705067001672
Hybrid Debt-Equity,D,mid,36,36,16,11,1.0,1.0,1.0,1.0,0.0,0.0,0.7995474111923107,0.6119450009635075,0.21040224106629601,0.43554169472864235,0.9189131695443575
Hybrid Debt-Equity,D,post_0_4,10,5,0,0,1.0,1.0,1.0,1.0,0.0,0.017895773504573623,0.06335313014705113,1.0,0.11580994985449289,1.0,1.0
Hybrid Debt-Equity,D,post_12p,48,27,5,0,1.0,1.0,1.0,1.0,0.0,0.7112196319319608,,,,,
Hybrid Debt-Equity,D,post_5_8,5,1,0,0,1.0,1.0,1.0,1.0,0.0,0.017895773504573623,0.3980971820628354,1.0,0.2634255242015029,1.0,1.0
Hybrid Debt-Equity,D,post_9_12,1,0,0,0,1.0,1.0,1.0,1.0,0.0,0.017895773504573623,1.0,1.0,0.6152085839786787,1.0,1.0
Infrastructure,A,far,17,7,0,5,1.0,1.0,1.0,1.0,0.0,0.0,1.0,1.0,1.0,1.0,1.0
Infrastructure,A,final,260,239,37,11,1.0,1.0,0.9867920967195793,1.0,-0.0024333555714762603,0.5788636394620676,,,,,
Infrastructure,A,late,1158,1105,287,166,1.0522802379556917,1.0180152437885617,0.9208114486312808,0.9866078582858727,-0.017664166555946995,0.651186881283619,,,,,
Infrastructure,A,mid,5355,5306,1472,1624,1.1454005972881631,1.0128618130420006,0.8847510361601671,0.8975015819474678,-0.044107735203960476,0.0,,,,,
Infrastructure,A,post_0_4,194,172,22,4,0.9966857388047302,1.0,0.9944106322196001,1.0,-0.000675781940637236,0.509988175023503,,,,,
Infrastructure,A,post_12p,48,27,5,0,1.0,1.0,1.0,1.0,0.0,0.7112196319319608,,,,,
Infrastructure,A,post_5_8,98,85,6,1,1.0,1.0,1.0,1.0,0.0,0.5362648431280983,,,,,
Infrastructure,A,post_9_12,52,40,3,2,1.0,1.0,1.0,1.0,0.0,0.5560568009248902,,,,,
Infrastructure,B,far,123,83,10,57,1.0,1.0,1.0,1.0,0.0,0.0,1.0,1.0,1.0,1.0,1.0
Infrastructure,B,final,260,239,37,11,1.0,1.0,0.9867920967195793,1.0,-0.0024333555714762603,0.5788636394620676,,,,,
Infrastructure,B,late,1158,1105,287,166,1.0522802379556917,1.0180152437885617,0.9208114486312808,0.9866078582858727,-0.017664166555946995,0.651186881283619,,,,,
Infrastructure,B,mid,5355,5306,1472,1624,1.1454005972881631,1.0128618130420006,0.8847510361601671,0.8975015819474678,-0.044107735203960476,0.0,,,,,
Infrastructure,B,post_0_4,194,172,22,4,0.9966857388047302,1.0,0.9944106322196001,1.0,-0.000675781940637236,0.509988175023503,,,,,
Infrastructure,B,post_12p,48,27,5,0,1.0,1.0,1.0,1.0,0.0,0.7112196319319608,,,,,
Infrastructure,B,post_5_8,98,85,6,1,1.0,1.0,1.0,1.0,0.0,0.5362648431280983,,,,,
Infrastructure,B,post_9_12,52,40,3,2,1.0,1.0,1.0,1.0,0.0,0.5560568009248902,,,,,
Infrastructure,C,far,137,78,3,55,1.0,1.0,1.0,1.0,0.0,0.0,1.0,1.0,1.0,1.0,1.0
Infrastructure,C,final,260,239,37,11,1.0,1.0,0.9867920967195793,1.0,-0.0024333555714762603,0.5788636394620676,,,,,
Infrastructure,C,late,1158,1105,287,166,1.0522802379556917,1.0180152437885617,0.9208114486312808,0.9866078582858727,-0.017664166555946995,0.651186881283619,,,,,
Infrastructure,C,mid,5355,5306,1472,1624,1.1454005972881631,1.0128618130420006,0.8847510361601671,0.8975015819474678,-0.044107735203960476,0.0,,,,,
Infrastructure,C,post_0_4,194,172,22,4,0.9966857388047302,1.0,0.9944106322196001,1.0,-0.000675781940637236,0.509988175023503,,,,,
Infrastructure,C,post_12p,48,27,5,0,1.0,1.0,1.0,1.0,0.0,0.7112196319319608,,,,,
Infrastructure,C,post_5_8,98,85,6,1,1.0,1.0,1.0,1.0,0.0,0.5362648431280983,,,,,
Infrastructure,C,post_9_12,52,40,3,2,1.0,1.0,1.0,1.0,0.0,0.5560568009248902,,,,,
Other Private Debt,A,far,77,67,49,35,1.0,1.0,1.0,1.0,0.0,0.0,0.4359847574501612,0.859784843684488,0.6025913468626765,0.6498815410186936,0.4065459189662828
Other Private Debt,A,final,4,4,0,0,1.0,1.0,1.0,1.0,0.0,0.13196014187297297,,,,,
Other Private Debt,A,late,29,27,15,6,1.0,1.0,1.0,1.0,0.0,0.3294075287235788,,,,,
Other Private Debt,A,mid,17,17,17,4,1.0,1.0,1.0,1.0,0.0,0.0,0.03525309188692871,0.7583253401070729,0.16186263776403198,1.0,0.0023020755682218643
Other Private Debt,A,post_0_4,1,1,0,0,1.0,1.0,1.0,1.0,0.0,0.026525237297297298,,,,,
Other Private Debt,A,post_12p,48,27,5,0,1.0,1.0,1.0,1.0,0.0,0.7112196319319608,,,,,
Other Private Debt,A,post_5_8,98,85,6,1,1.0,1.0,1.0,1.0,0.0,0.5362648431280983,,,,,
Other Private Debt,A,post_9_12,52,40,3,2,1.0,1.0,1.0,1.0,0.0,0.5560568009248902,,,,,
Other Private Debt,B,far,257,201,138,106,1.0,0.9612440964375768,1.055870431288136,1.0,0.012719333205655015,0.0,0.7529275852051298,0.013649699896349511,0.05576523780518783,0.8531451643609684,0.012885486879963548
Other Private Debt,B,final,4,4,0,0,1.0,1.0,1.0,1.0,0.0,0.13196014187297297,,,,,
Other Private Debt,B,late,6,6,1,0,1.0,1.0,1.0,1.0,0.0,0.295527394,0.009537926662638752,1.0,0.08324742302688293,1.0,1.0
Other Private Debt,B,mid,62,62,42,3,1.0,1.045207901946835,0.9384512228868218,1.0,-0.013480855431935604,0.0,0.9449969281467472,0.006285142563064948,4.9562855799489824e-06,1.0,3.3395384342655323e-09
Other Private Debt,B,post_0_4,1,1,0,0,1.0,1.0,1.0,1.0,0.0,0.026525237297297298,,,,,
Other Private Debt,B,post_12p,48,27,5,0,1.0,1.0,1.0,1.0,0.0,0.7112196319319608,,,,,
Other Private Debt,B,post_5_8,98,85,6,1,1.0,1.0,1.0,1.0,0.0,0.5362648431280983,,,,,
Other Private Debt,B,post_9_12,52,40,3,2,1.0,1.0,1.0,1.0,0.0,0.5560568009248902,,,,,
Other Private Debt,C,far,216,164,88,101,1.0,0.9696713884834384,1.05006881761731,1.0,0.01722949392747335,0.0,0.12289824075812339,0.03319456155177329,0.039273800143366566,0.14992278081916718,2.7867743202878806e-05
Other Private Debt,C,final,1,1,0,0,1.0,1.0,1.0,1.0,0.0,0.4482648556,0.21072117039363003,1.0,0.43562653997560474,1.0,1.0
Other Private Debt,C,late,17,17,10,6,1.0,1.0,1.0,1.0,0.0,0.4482648556,0.8472244521061127,0.17064496223494427,0.8323941304056048,1.0,0.000755580083283024
Other Private Debt,C,mid,91,91,69,16,1.0244628587941962,1.0,0.945315850464902,0.9832916794119467,-0.015388994587976703,0.0,0.011242651868798692,0.2314385161208977,0.00029202472005152025,8.744842226348362e-11,9.676031331763393e-11
Other Private Debt,C,post_0_4,1,1,0,0,1.0,1.0,1.0,1.0,0.0,0.026525237297297298,,,,,
Other Private Debt,C,post_12p,48,27,5,0,1.0,1.0,1.0,1.0,0.0,0.7112196319319608,,,,,
Other Private Debt,C,post_5_8,98,85,6,1,1.0,1.0,1.0,1.0,0.0,0.5362648431280983,,,,,
Other Private Debt,C,post_9_12,52,40,3,2,1.0,1.0,1.0,1.0,0.0,0.5560568009248902,,,,,
Other Private Debt,D,far,84,75,61,22,1.0,0.9830720728378795,1.0,1.0,0.0,0.0,0.8476779755682267,0.02923404424142963,0.4067723307966338,0.6422546867513251,0.19340008333831216
Other Private Debt,D,final,3,3,0,0,1.0,1.0,1.0,1.0,0.0,0.026525237297297298,0.0009483897573820954,1.0,0.3707610216058448,1.0,1.0
Other Private Debt,D,late,6,4,4,0,1.0,1.0,1.0,1.0,0.0,0.026525237297297298,0.3223380680294503,1.0,0.20701307815349024,1.0,1.0
Other Private Debt,D,mid,24,23,20,3,1.0,1.0,1.0,1.0,0.0,0.0,0.4496075697130537,0.002068141152657525,0.32956404875593615,1.0,1.3998632530545466e-05
Other Private Debt,D,post_0_4,1,1,0,0,1.0,1.0,1.0,1.0,0.0,0.026525237297297298,0.04828364281091568,1.0,0.6045341630372221,1.0,1.0
Other Private Debt,D,post_12p,48,27,5,0,1.0,1.0,1.0,1.0,0.0,0.7112196319319608,,,,,
Other Private Debt,D,post_5_8,98,85,6,1,1.0,1.0,1.0,1.0,0.0,0.5362648431280983,,,,,
Other Private Debt,D,post_9_12,52,40,3,2,1.0,1.0,1.0,1.0,0.0,0.5560568009248902,,,,,
Private Equity,A,far,1864,1593,414,1016,1.0,0.9156837610080377,1.1389941978177274,1.0,0.032293211481115254,0.0,0.36113539222348745,0.0007115366303141168,4.408031717417771e-09,0.12526996413751673,1.6160722364659164e-07
Private Equity,A,final,29,24,4,0,1.0,1.0,1.0,1.0,0.0,0.21190472838004898,0.243183328920908,1.0,9.890329384365515e-07,1.0,0.06326804030953921
Private Equity,A,late,91,76,16,3,1.0,1.0415028298249598,0.905271924879768,1.0,-0.013183862808361084,0.19171440127495598,0.2265481998051846,0.00028475401295655224,1.7763568394002505e-15,1.0,3.6213001127459094e-07
Private Equity,A,mid,390,390,143,86,1.111988891942319,1.0529320542395442,0.8311951024753793,0.915430129189501,-0.04855336767452056,0.0,0.00018070803837555438,0.010317538077907352,0.0,3.979101562802996e-100,4.599606922738313e-29
Private Equity,A,post_0_4,30,25,2,0,0.9785677776039222,1.0,0.963855421686747,1.0,-0.004370056549454127,0.20441265144828316,0.030655464843891478,1.0,6.4696301849132e-07,1.0,0.0024138542781603285
Private Equity,A,post_12p,1,0,0,0,1.0,1.0,1.0,1.0,0.0,0.21190472838004898,1.0,1.0,0.36121164711423237,1.0,1.0
Private Equity,A,post_5_8,16,12,1,0,1.0,1.0,1.0,1.0,0.0,0.21190472838004898,0.1404347746742114,1.0,0.0002695433313881779,1.0,0.28388410515330004
Private Equity,A,post_9_12,9,6,1,0,1.0,1.0,1.0,1.0,0.0,0.21190472838004898,0.5582831438668263,1.0,0.006229688379996601,1.0,1.0
Private Equity,B,far,4305,3594,702,2237,0.9353129496292992,0.9417666311653246,1.0565796837834056,1.0490258872492593,0.02343287261672303,0.0,0.06693117567928075,0.02293049733288574,0.0017198666944400198,0.06673303257434396,1.0113632315080866e-05
Private Equity,B,final,8,4,0,0,1.0,1.0,1.0,1.0,0.0,0.46918001352669014,0.29947975229944124,1.0,0.005896716465130236,1.0,1.0
Private Equity,B,late,45,37,14,6,1.034655569186853,1.034493916878031,0.9613271344040575,1.0,-0.01039254465719917,0.4463764012678723,0.013998848854481771,0.0009049237514800417,2.29659461514764e-06,1.0,3.410062005618099e-06
Private Equity,B,mid,583,576,177,165,1.1878731270485408,1.0616432990729276,0.8234557380435905,0.8559000025356212,-0.06303296665420097,0.0,2.696884009445455e-07,0.002748317125977535,0.0,1.7853409418410472e-148,2.3332246424507988e-48
Private Equity,B,post_0_4,4,4,1,0,1.0,1.0,1.0,1.0,0.0,0.46918001352669014,0.8529738621774197,1.0,0.05144581281558391,1.0,1.0
Private Equity,B,post_12p,24,6,1,0,1.0,1.0,1.0,1.0,0.0,0.436233200935981,,,,,
Private Equity,B,post_5_8,40,35,3,1,1.0,1.0,1.0,1.0,0.0,0.3390480896695244,,,,,
Private Equity,B,post_9_12,25,14,2,1,1.0,1.0,1.0,1.0,0.0,0.3475243137554894,,,,,
Private Equity,C,far,2446,1937,332,1221,1.0,1.0,1.0649049040915954,1.0574311080420242,0.026435474141375655,0.0,0.11222536616717482,0.1737618305736934,0.0037010356863538263,0.06994147670647881,1.0862925150531459e-05
Private Equity,C,final,16,16,2,0,1.0,1.0,1.0,1.0,0.0,0.5938284945000001,0.5083453491558709,1.0,0.00023281834240762578,1.0,0.14112895669312056
Private Equity,C,late,38,36,9,4,1.0,1.0124613566025864,0.9650397335361536,1.0,-0.009155866046350821,0.5763313027976665,0.3633968453412275,0.03029148988687159,1.3100468751359173e-05,1.0,2.786442096098208e-06
Private Equity,C,mid,422,422,119,140,1.1671207081639476,1.0,0.9039405766083344,0.8830407620771042,-0.04688541317804696,0.0,1.4703593567366724e-05,0.22913170713565423,7.562563777430142e-07,4.053820433219499e-62,2.2877166405286027e-33
Private Equity,C,post_0_4,15,15,1,0,1.0,1.0,1.0,1.0,0.0,0.5938284945000001,0.22400515941714838,1.0,0.0003651237693422793,1.0,0.9414227860075906
Private Equity,C,post_12p,13,5,1,0,1.0,1.0,1.0,1.0,0.0,0.5938284945000001,0.9547266831097105,1.0,0.0009036542144615911,1.0,1.0
Private Equity,C,post_5_8,12,12,1,0,1.0,1.0,1.0,1.0,0.0,0.5938284945000001,0.34682053490102493,1.0,0.0014268243695911842,1.0,0.26072181864226984
Private Equity,C,post_9_12,8,4,0,0,1.0,1.0,1.0,1.0,0.0,0.5938284945000001,0.3327703444401944,1.0,0.00917608722082286,1.0,1.0
Private Equity,D,far,224,199,27,120,1.0,0.982867975134754,1.1446559175531914,1.048225309069264,0.020657617286251984,0.0,0.13050640202482366,0.0024506447756231,2.350234873382817e-08,0.07775718287988126,6.210272233401073e-07
Private Equity,D,final,29,28,7,2,1.0,1.0,1.0,1.0,0.0,0.2537921665583493,0.3734134251715595,1.0,0.003979338050635439,1.0,0.020354853484022235
Private Equity,D,late,92,88,21,7,1.0,1.0171824623695152,0.9211966892472092,1.0,-0.009165575886353439,0.2513673275803581,0.21686403132470922,0.04389595726648646,1.261914635231065e-06,1.0,0.000392109601392369
Private Equity,D,mid,183,183,37,56,1.0,1.0,1.0,0.9606015060846291,-0.007236382575413055,0.0,0.5627683035021764,0.45938104423673,0.6767396062842839,0.00010920088123052381,0.05277790534862945
Private Equity,D,post_0_4,25,22,4,1,1.0,1.0,1.0,1.0,0.0,0.2537921665583493,0.9903427925565353,1.0,0.0028074717897075274,1.0,0.010452725304040804
Private Equity,D,post_12p,10,1,0,0,1.0,1.0,1.0,1.0,0.0,0.2537921665583493,0.636271929928661,1.0,0.029786058300512064,1.0,1.0
Private Equity,D,post_5_8,12,11,1,1,1.0,1.0,1.0,1.0,0.0,0.2537921665583493,0.4331020271991466,1.0,0.0781860831016703,1.0,0.4785275829302119
Private Equity,D,post_9_12,8,4,1,1,1.0,1.0,1.0,1.0,0.0,0.2537921665583493,0.7294420938871062,1.0,0.23427989120570025,1.0,1.0
Special Structure/ FoF,B,far,63,50,28,42,1.0,1.0,1.0,1.0,0.0,0.0,0.6229110597860819,0.7202884324868423,0.6023184366406578,0.8986328044420997,0.532449538073446
Special Structure/ FoF,B,final,8,8,0,0,1.0,1.0,1.0,1.0,0.0,0.6051744387896512,,,,,
Special Structure/ FoF,B,late,17,17,8,3,1.0,1.0,1.0,1.0,0.0,0.6051744387896512,,,,,
Special Structure/ FoF,B,mid,6,6,6,1,1.0,1.0,1.0,1.0,0.0,0.0,0.05594911662442614,1.0,0.029395880600252333,1.0,1.0
Special Structure/ FoF,B,post_0_4,5,5,2,0,1.0,1.0,1.0,1.0,0.0,0.6051744387896512,,,,,
Special Structure/ FoF,B,post_12p,48,27,5,0,1.0,1.0,1.0,1.0,0.0,0.7112196319319608,,,,,
Special Structure/ FoF,B,post_5_8,98,85,6,1,1.0,1.0,1.0,1.0,0.0,0.5362648431280983,,,,,
Special Structure/ FoF,B,post_9_12,52,40,3,2,1.0,1.0,1.0,1.0,0.0,0.5560568009248902,,,,,
Special Structure/ FoF,C,far,199,161,16,53,0.9146269737139755,1.0,1.0,1.0,0.0,0.0,0.006234458022165157,0.3189863905065677,0.37076182924431933,0.9379680093482424,0.11411742773432743
Special Structure/ FoF,C,final,8,8,0,0,1.0,1.0,1.0,1.0,0.0,0.6051744387896512,0.15567844582941026,1.0,0.12357794676845701,1.0,0.054328961185299326
Special Structure/ FoF,C,late,17,17,8,3,1.0,1.0,1.0,1.0,0.0,0.6051744387896512,0.010262018891910918,0.03315151020956009,0.6082347150211482,1.0,0.002812656710758427
Special Structure/ FoF,C,mid,36,36,20,5,1.0749947992510922,1.0,1.0,1.0,-0.0030030748513444607,0.0,5.696103705155053e-06,0.11034413877820407,0.21413134839397419,1.0,0.04638681680869002
Special Structure/ FoF,C,post_0_4,5,5,2,0,1.0,1.0,1.0,1.0,0.0,0.6051744387896512,0.28120458414555616,1.0,0.22270356119511936,1.0,1.0
Special Structure/ FoF,C,post_12p,48,27,5,0,1.0,1.0,1.0,1.0,0.0,0.7112196319319608,,,,,
Special Structure/ FoF,C,post_5_8,98,85,6,1,1.0,1.0,1.0,1.0,0.0,0.5362648431280983,,,,,
Special Structure/ FoF,C,post_9_12,52,40,3,2,1.0,1.0,1.0,1.0,0.0,0.5560568009248902,,,,,
TTA,A,far,125,102,7,59,1.0,1.0,1.0,1.0,0.0,0.0,0.286500775374539,1.0,0.3061292840238248,0.7748218458802524,0.23714794236513642
TTA,A,final,2,2,0,0,1.0,1.0,1.0,1.0,0.0,1.5,0.6205103933729648,1.0,0.23998440952391187,1.0,1.0
TTA,A,late,8,8,1,0,1.0,1.0,1.0,1.0,0.0,1.5,0.8911353266864748,1.0,0.020318612805770853,1.0,0.02555771879122641
TTA,A,mid,16,16,6,3,1.0,1.0,1.0,1.0,0.0,0.0,0.0037722395744739234,1.0,0.08179394098909087,1.0,0.03590159656941261
TTA,A,post_0_4,8,8,2,0,1.0,1.0,1.0,1.0,0.0,0.6261522666666667,,,,,
TTA,A,post_12p,48,27,5,0,1.0,1.0,1.0,1.0,0.0,0.7112196319319608,,,,,
TTA,A,post_5_8,4,4,0,0,1.0,1.0,1.0,1.0,0.0,0.8250385455833333,,,,,
TTA,A,post_9_12,52,40,3,2,1.0,1.0,1.0,1.0,0.0,0.5560568009248902,,,,,
TTA,B,far,254,197,19,139,1.0,1.0,1.0,1.0,0.0,0.0,0.1099308935859149,0.9592543301946317,0.9833122681869786,0.31461079955371485,0.15195504983539163
TTA,B,final,10,10,3,0,1.0,1.0,1.0,1.0,0.0,0.8009218133333335,,,,,
TTA,B,late,3,3,1,1,1.0,1.0,1.0,1.0,0.0,0.9032782666666667,0.3677693728557909,1.0,0.461004491236203,1.0,1.0
TTA,B,mid,45,45,16,25,1.0756081525312295,1.0,1.0,0.9848464518182325,-0.007366598094986096,0.0,0.0007990986718033888,0.554941962151149,0.9079314628656026,5.964871793001932e-06,1.615196421637851e-08
TTA,B,post_0_4,8,8,2,0,1.0,1.0,1.0,1.0,0.0,0.6261522666666667,,,,,
TTA,B,post_12p,48,27,5,0,1.0,1.0,1.0,1.0,0.0,0.7112196319319608,,,,,
TTA,B,post_5_8,4,4,0,0,1.0,1.0,1.0,1.0,0.0,0.8250385455833333,,,,,
TTA,B,post_9_12,52,40,3,2,1.0,1.0,1.0,1.0,0.0,0.5560568009248902,,,,,
TTA,C,far,647,543,37,337,1.0,1.0,1.0,1.0,0.0,0.0,0.21174376929088234,0.5213354866583509,0.6196002748637377,0.20226154389014772,0.14773118292633425
TTA,C,final,10,10,3,0,1.0,1.0,1.0,1.0,0.0,0.8009218133333335,,,,,
TTA,C,late,10,10,3,8,1.0,1.0,1.0,1.0,0.0,1.0239248244999999,0.02078539396139334,1.0,0.0940956672831792,6.973037874044529e-07,0.0002624140667866598
TTA,C,mid,71,71,15,45,1.1144974428556518,0.9909907400475939,1.0,0.9770450787038056,-0.009524777840957978,0.0,0.001043081730437878,0.05199420901758309,0.1079129263686942,2.2053574352356765e-05,3.519437068863212e-10
TTA,C,post_0_4,8,8,2,0,1.0,1.0,1.0,1.0,0.0,0.6261522666666667,,,,,
TTA,C,post_12p,48,27,5,0,1.0,1.0,1.0,1.0,0.0,0.7112196319319608,,,,,
TTA,C,post_5_8,2,2,0,0,1.0,1.0,1.0,1.0,0.0,1.0239248244999999,0.6607734615521177,1.0,0.13046605568848268,1.0,1.0
TTA,C,post_9_12,52,40,3,2,1.0,1.0,1.0,1.0,0.0,0.5560568009248902,,,,,
TTA,D,far,78,70,3,26,0.9496463306808134,1.0,1.0,1.0,0.0034549361053979174,0.0,0.07733930185094406,1.0,0.5085822434921221,0.15090144997351337,0.07242530433493688
TTA,D,final,8,8,3,0,1.0,1.0,1.0,1.0,0.0,0.6261522666666667,0.027705719002881768,1.0,0.07011137547026602,1.0,0.1973558005630141
TTA,D,late,32,32,9,6,1.055981878698225,1.0,1.0,1.0,0.0,0.6288918120795676,0.009807426964637322,0.629620335654589,0.21018755820643698,1.0,0.5256926318435644
TTA,D,mid,107,107,9,37,1.0,1.0,1.0,1.0,0.0,0.0,0.39693008355220427,0.1119182118933408,0.33333737466759605,0.37720346798589255,0.902726127655776
TTA,D,post_0_4,8,8,2,0,1.0,1.0,1.0,1.0,0.0,0.6261522666666667,0.24508244882549368,1.0,0.07011137547026602,1.0,0.06093868424556897
TTA,D,post_12p,48,27,5,0,1.0,1.0,1.0,1.0,0.0,0.7112196319319608,,,,,
TTA,D,post_5_8,2,2,0,0,1.0,1.0,1.0,1.0,0.0,0.6261522666666667,0.6112114913909381,1.0,0.362729959170339,1.0,1.0
TTA,D,post_9_12,52,40,3,2,1.0,1.0,1.0,1.0,0.0,0.5560568009248902,,,,,
Venture Capital,A,far,2354,2038,345,1396,0.9081609855169602,0.9463919725983732,1.1731907711818936,1.0737548094251679,0.045425956473941764,0.0,0.0251450448211632,0.049061305911344576,0.0,0.008418223036187033,5.610930915298867e-20
Venture Capital,A,final,46,46,6,2,1.0,1.0,0.9505379159847245,1.0,-0.009585010403068283,1.0688750994799052,0.2775836014859354,1.0,3.494581957141918e-09,1.0,1.6309985472485268e-05
Venture Capital,A,late,195,193,54,16,1.0857961888361871,1.0525780909271467,0.8374277541553924,0.9818225416527426,-0.03181573599080576,1.0288597908877721,0.003846263008927764,0.011121741841250388,0.0,1.0471380174334139e-63,8.618784188434248e-20
Venture Capital,A,mid,725,725,183,211,1.1428026428551683,1.0,0.8120397477931904,0.8545289391221068,-0.06077211718063452,0.0,0.00047543469685407125,0.9648819554903225,0.0,2.108928324696006e-53,2.5666778074489862e-51
Venture Capital,A,post_0_4,28,28,3,0,1.0,1.0,1.0,1.0,0.0,1.1243337386666665,0.24605132211629188,1.0,3.8099279109360396e-07,1.0,4.829255432802268e-06
Venture Capital,A,post_12p,8,5,2,0,1.0,1.0,1.0,1.0,0.0,1.1243337386666665,0.24510757238034575,1.0,0.0064931726909303045,1.0,1.0
Venture Capital,A,post_5_8,13,13,0,0,1.0,1.0,1.0,1.0,0.0,1.1243337386666665,0.07695801828982618,1.0,0.0005258363908666741,1.0,0.0006907138729190626
Venture Capital,A,post_9_12,7,7,0,0,1.0,1.0,1.0,1.0,0.0,1.1243337386666665,0.19424819103507174,1.0,0.010885973364179069,1.0,1.0
Venture Capital,B,far,4464,3690,431,2543,0.8848033915763122,1.0,1.0823208831790503,1.0691662949858172,0.03211350226999769,0.0,0.009113280082204023,0.8256685601995973,4.6996656721809416e-07,0.004745242647605459,1.6689962861802246e-15
Venture Capital,B,final,14,14,5,1,1.0,1.0,1.0,1.0,0.0,1.1793632774336882,0.01602142107149329,1.0,0.0008101992499831567,1.0,3.333669402737491e-05
Venture Capital,B,late,164,164,32,28,1.0742376392392596,1.0,0.8858119349730391,0.9727955652753077,-0.02809304015167723,1.1899366922215946,0.03033122161749935,0.3243112080109597,0.0,3.094540159644439e-26,4.301703896921861e-31
Venture Capital,B,mid,915,915,183,325,1.251975408408824,1.0,0.8314218914421729,0.8258708616331227,-0.07019969042191282,0.0,4.754702072062855e-07,0.9123010971071587,0.0,1.3558402484032319e-67,3.648051200754048e-94
Venture Capital,B,post_0_4,2,2,1,1,1.0,1.0,1.0,1.0,0.0,1.1793632774336882,0.1330764595520424,1.0,0.9565278696778241,1.0,1.0
Venture Capital,B,post_12p,11,11,1,0,1.0,1.0,1.0,1.0,0.0,1.1793632774336882,0.663843732700482,1.0,0.0005746708135954126,1.0,0.04587010604971799
Venture Capital,B,post_5_8,4,4,0,0,1.0,1.0,1.0,1.0,0.0,1.1793632774336882,0.42782912658254224,1.0,0.037729023250031135,1.0,1.0
Venture Capital,B,post_9_12,7,7,0,0,1.0,1.0,1.0,1.0,0.0,1.1793632774336882,0.2942367641548109,1.0,0.005998601473441223,1.0,1.0
Venture Capital,C,far,2511,1983,166,1381,0.7783263934391579,1.0,1.0725610693442473,1.0832744915378785,0.03747305263369377,0.0,2.834590636724421e-05,0.33333471483845467,0.0002755745251912245,0.00032910524780512473,1.6500384295423887e-14
Venture Capital,C,final,29,29,2,4,1.0,1.0,1.0,1.0,0.0,0.7688048953098383,0.3879515043025057,1.0,9.474144071219825e-05,1.0,0.003487126357765705
Venture Capital,C,late,153,153,40,40,1.1848651317819887,1.0,0.9230730564055519,0.9608140456721496,-0.03042573118589095,0.7548769512569472,4.866117260249325e-07,0.8441939988021478,5.933225910581541e-09,4.959612726591307e-31,1.3240543794205406e-25
Venture Capital,C,mid,605,605,125,244,1.3015490893866444,1.0,0.9153740916743026,0.862871137197902,-0.05278046874825037,0.0,3.2810266503702223e-08,0.8287911925411418,7.989285387033362e-06,6.835654077031399e-47,3.096000988928343e-46
Venture Capital,C,post_0_4,19,18,5,1,1.0,1.0,1.0,1.0,0.0,0.7688048953098383,0.043851204135852306,1.0,9.38500852765145e-05,1.0,0.00013603324137620443
Venture Capital,C,post_12p,24,21,4,0,1.0,1.0,1.0,1.0,0.0,0.9862060629279404,,,,,
Venture Capital,C,post_5_8,10,10,2,0,1.0,1.0,1.0,1.0,0.0,0.7688048953098383,0.4487348997577869,1.0,0.001525045216737464,1.0,0.040702303607227354
Venture Capital,C,post_9_12,26,26,1,1,1.0,1.0,1.0,1.0,0.0,0.7772673088731724,,,,,
Venture Capital,D,far,422,335,25,227,1.0,0.9791365912275798,1.1725052126538573,1.042935746842681,0.03275008414361976,0.0,0.12569088550337737,0.0003712598840065443,1.423802853395273e-09,0.0659186613787711,8.249316690247145e-14
Venture Capital,D,final,34,31,4,2,1.0,1.0,0.9659176768174501,1.0,-0.00564005794243196,0.3347238023317346,0.660663285046128,1.0,0.0003182850612779564,1.0,0.0001342131871889116
Venture Capital,D,late,100,100,11,11,1.0,1.0,0.9229604261796043,0.9895000617902969,-0.014255695877197966,0.33766276800819583,0.8619755126213953,0.125682217488899,6.162042263113676e-07,2.7172512407671132e-11,7.848320592185644e-10
Venture Capital,D,mid,195,195,32,50,1.1123350083752095,1.0,0.9441040820541061,0.9658408852252072,-0.019132221548677674,0.0,0.021258496081955514,0.5445150021399634,0.006708490452767224,5.107478699735845e-13,2.364883070663572e-08
Venture Capital,D,post_0_4,29,26,0,1,1.0,1.0,1.0,1.0,0.0,0.3402559098333333,0.08246217946807133,1.0,0.00031444877014408235,1.0,0.121536437737534
Venture Capital,D,post_12p,5,5,1,0,1.0,1.0,1.0,1.0,0.0,0.3402559098333333,0.48665487849713784,1.0,0.09500733482397417,1.0,1.0
Venture Capital,D,post_5_8,17,15,1,0,1.0,1.0,1.0,1.0,0.0,0.3402559098333333,0.6357598560225068,1.0,0.00216750464544635,1.0,0.004588509616967397
Venture Capital,D,post_9_12,12,12,1,1,1.0,1.0,1.0,1.0,0.0,0.3402559098333333,0.8133302842478058,1.0,0.04776663155081029,1.0,0.06269405389121893
